session,outer_fold,inner_fold,outer_train_cycle_ids,outer_test_cycle_ids,inner_train_cycle_ids,inner_validation_cycle_ids,inner_train_cycle_count,inner_validation_cycle_count,normalization_fit_cycle_ids,outer_test_inner_train_overlap_count,outer_test_inner_validation_overlap_count,inner_train_validation_overlap_count,inner_train_union_validation_equals_outer_train,inner_validation_excluded_from_normalization_fit,matches_existing_outer_train_cycle_set,training_set_fingerprint_sha256,evaluation_set_fingerprint_sha256,same_training_set_occurrence_count,strict_training_cache_reuse_possible
626,1,1,"1,2,3,4,5,6,7",0,"2,3,4,5,6,7",1,6,1,"2,3,4,5,6,7",0,0,0,True,True,False,5d991dcd338d9ed7f4630e2ae366cec8dc27e161edec88ab924ae51197b800a0,b393317e80f8f2d5c9b3d22935aa0ce04edb1816b32bde0ac0ecfd1ca27b3200,2,True
626,1,2,"1,2,3,4,5,6,7",0,"1,3,4,5,6,7",2,6,1,"1,3,4,5,6,7",0,0,0,True,True,False,923a1c1319251b1aa10652075aaf4fc70da1192dae42268c782e983aa8584d62,6149c3497f4fd118bfb4acb7b44d9fd2166dc59aa738802423c51a69aac0c471,2,True
626,1,3,"1,2,3,4,5,6,7",0,"1,2,4,5,6,7",3,6,1,"1,2,4,5,6,7",0,0,0,True,True,False,6aca7086c727cb12c24ae030f41dae71849357d3d82745db8c0d760395539780,5eaf7bee30ca80dde23e3b3975ac254744518b890ea373f3def2f72317c8f5df,2,True
626,1,4,"1,2,3,4,5,6,7",0,"1,2,3,5,6,7",4,6,1,"1,2,3,5,6,7",0,0,0,True,True,False,c7a8cf2c3a5a29b36ad3ebfd435924447ac373ccd3e3208252af5355dc5938f9,4cd86869973c4f1cd3609cca26cd975a7708b39e1c630d1aece4785d6f7de0ad,2,True
626,1,5,"1,2,3,4,5,6,7",0,"1,2,3,4,6,7",5,6,1,"1,2,3,4,6,7",0,0,0,True,True,False,4f95ce9554fc1e5e1e4b0df1c4113a22d71d4e8f5d39d49f2c384165e19eda84,d4fe1dc766bb7bfdb8fc406308b57295bd23fb8a96939011da07cf5fba447311,2,True
626,1,6,"1,2,3,4,5,6,7",0,"1,2,3,4,5,7",6,6,1,"1,2,3,4,5,7",0,0,0,True,True,False,108887eec05bdb0aab91095b34fd668b82eefcec6ac82788e60732d550396090,ae66f935c764d36037c649de997d1fc96140ec6bc44bd5c5320eb94a3b0a8ad1,2,True
626,1,7,"1,2,3,4,5,6,7",0,"1,2,3,4,5,6",7,6,1,"1,2,3,4,5,6",0,0,0,True,True,False,cadf380b95ad981652a9dae62ac2d550b68593800bf11e532135cd4dc44a482f,81111139e04d1c4d4ef2bf9b7b95c7ccef9b66eae032c0d7e865bfb2417f5b02,2,True
626,2,1,"0,2,3,4,5,6,7",1,"2,3,4,5,6,7",0,6,1,"2,3,4,5,6,7",0,0,0,True,True,False,5d991dcd338d9ed7f4630e2ae366cec8dc27e161edec88ab924ae51197b800a0,4fff40ad2401b4b5193fb6b726e6329aba34c1352912e6ae30145d2331a563d3,2,True
626,2,2,"0,2,3,4,5,6,7",1,"0,3,4,5,6,7",2,6,1,"0,3,4,5,6,7",0,0,0,True,True,False,7c33d5a8a5974302d507f4cb029a299f69ea01b3768d608ded93b520ff01ddc3,37a65004a14b79b564cc524401e5c2204f004e7bedaf6597446adfc3b7b76c2c,2,True
626,2,3,"0,2,3,4,5,6,7",1,"0,2,4,5,6,7",3,6,1,"0,2,4,5,6,7",0,0,0,True,True,False,09888c962bd95cced3ff4321e780b27491e336a9c9a930dc0e189424f5b13fea,519a1cc7641b3cb044a397f3c29d4f0e6d12d9320d6382245392177f8764e184,2,True
626,2,4,"0,2,3,4,5,6,7",1,"0,2,3,5,6,7",4,6,1,"0,2,3,5,6,7",0,0,0,True,True,False,b871bd4336bfe27ab886f9aa67ac61499368c2312b5673750f8a511016a06397,41f983d5fe49c654fe3b649bee6a842cd015bc5f9e9a4fbd4ff86d6682ba1880,2,True
626,2,5,"0,2,3,4,5,6,7",1,"0,2,3,4,6,7",5,6,1,"0,2,3,4,6,7",0,0,0,True,True,False,f6d037e8131d0cdec0488b7fa1f4e705440ba0efe5c1d9a3b75bcb0ffe2b4150,232b52d9fd340ae6136b4bf578141e6aa18751c345a475c70b800e8a9224d682,2,True
626,2,6,"0,2,3,4,5,6,7",1,"0,2,3,4,5,7",6,6,1,"0,2,3,4,5,7",0,0,0,True,True,False,3c0825b8641f564b6b993e496063b073af360a6f1202170e655028d66f6ad094,61966736ad724878d8531b14ed4982a049adcefa996048e213083b738720ebef,2,True
626,2,7,"0,2,3,4,5,6,7",1,"0,2,3,4,5,6",7,6,1,"0,2,3,4,5,6",0,0,0,True,True,False,2cad4b9d93e9be4da23434ac31115b1eb79cfa62138d9cf8b718f15b53c449bb,a18c7e515d9b6d7ffe5bb28d3e05202fd928b64aa664d55ac5db9b6b1de6233d,2,True
626,3,1,"0,1,3,4,5,6,7",2,"1,3,4,5,6,7",0,6,1,"1,3,4,5,6,7",0,0,0,True,True,False,923a1c1319251b1aa10652075aaf4fc70da1192dae42268c782e983aa8584d62,c426530dbcbfdb559fdbf095e446b57216d9a985107de170dbd9ad02b5ba41b6,2,True
626,3,2,"0,1,3,4,5,6,7",2,"0,3,4,5,6,7",1,6,1,"0,3,4,5,6,7",0,0,0,True,True,False,7c33d5a8a5974302d507f4cb029a299f69ea01b3768d608ded93b520ff01ddc3,4ab806cae45e1071b37354ca4495b0a09a69f517104e66fee586a4fc4aef0ec1,2,True
626,3,3,"0,1,3,4,5,6,7",2,"0,1,4,5,6,7",3,6,1,"0,1,4,5,6,7",0,0,0,True,True,False,04b098fcf7763a6530dbaf20d874936238fbe918d6dce0f97ca7b71b658d7a0e,78f7760cebec01753ef0e76a4a940dce586c22e59bffe57acbbe3e33e61a6708,2,True
626,3,4,"0,1,3,4,5,6,7",2,"0,1,3,5,6,7",4,6,1,"0,1,3,5,6,7",0,0,0,True,True,False,74c4f343ba29542dbe7e2a8b8ea3be2e760ba663b02497bd4919f8063949a10d,99f7c31bfc498de1d98e6b7c1a11fb1f55c08eb108d677407fca0221e8343a94,2,True
626,3,5,"0,1,3,4,5,6,7",2,"0,1,3,4,6,7",5,6,1,"0,1,3,4,6,7",0,0,0,True,True,False,401c15bb96ee31be9d1ab4369b42fd55e894e0a43f307ddb55ceca9b32a81e5c,0bb892575a7e8638e6198db7b910a842cd3e30e319f1a1befb5001063059a355,2,True
626,3,6,"0,1,3,4,5,6,7",2,"0,1,3,4,5,7",6,6,1,"0,1,3,4,5,7",0,0,0,True,True,False,ec71833c99407aec8f1c4e5d79dde9e0e15745c04a7d7507e541f091c95da1d8,32b7110689810cc8d1547dfb15b54eebbfe3b4c9360d575eec7ba60db1425047,2,True
626,3,7,"0,1,3,4,5,6,7",2,"0,1,3,4,5,6",7,6,1,"0,1,3,4,5,6",0,0,0,True,True,False,a2cec60669e2285ec0a1b023e397b8095b76c09338f47124444a1c2bbc8b85b6,7beb8dd8d81747965036095b37aec0069406ea3b4d3465bbc2a033a619498899,2,True
626,4,1,"0,1,2,4,5,6,7",3,"1,2,4,5,6,7",0,6,1,"1,2,4,5,6,7",0,0,0,True,True,False,6aca7086c727cb12c24ae030f41dae71849357d3d82745db8c0d760395539780,3e8751f0a77b873d69e19c4a641a4dcf3559dca4ec73cb11b350f2451cceab4c,2,True
626,4,2,"0,1,2,4,5,6,7",3,"0,2,4,5,6,7",1,6,1,"0,2,4,5,6,7",0,0,0,True,True,False,09888c962bd95cced3ff4321e780b27491e336a9c9a930dc0e189424f5b13fea,719a5cda7816363a1c944c2e9055a017488c53c4b3419409ce7095d0f7834a63,2,True
626,4,3,"0,1,2,4,5,6,7",3,"0,1,4,5,6,7",2,6,1,"0,1,4,5,6,7",0,0,0,True,True,False,04b098fcf7763a6530dbaf20d874936238fbe918d6dce0f97ca7b71b658d7a0e,379c1301db8191afd6c2c9e723b89010ad82f30ef3b5867edf34f0f5b212cce7,2,True
626,4,4,"0,1,2,4,5,6,7",3,"0,1,2,5,6,7",4,6,1,"0,1,2,5,6,7",0,0,0,True,True,False,60bc0870baba5a2ba29d14d68de9c3d4525af0894080f180b57a3bda4ddce537,e8fb7aafb373ed36ed1079f7e12d97477486f5eddbdb32b678ebbef3e5a25955,2,True
626,4,5,"0,1,2,4,5,6,7",3,"0,1,2,4,6,7",5,6,1,"0,1,2,4,6,7",0,0,0,True,True,False,a3a0135085602ba7bc03b9bed59c9ec70472a0b93807a271b3af449e27597b15,750498395f578102215ec620a8ea5084657652f163f2f9aeee839aaa5475bb6e,2,True
626,4,6,"0,1,2,4,5,6,7",3,"0,1,2,4,5,7",6,6,1,"0,1,2,4,5,7",0,0,0,True,True,False,6a71e78022118c329ed6ba4fcf5cd08d1196d3255b912e67300b7536d026658c,70d790908309cbe3d14cd593ed9a19f74509e9c0d38264762882ec8665487946,2,True
626,4,7,"0,1,2,4,5,6,7",3,"0,1,2,4,5,6",7,6,1,"0,1,2,4,5,6",0,0,0,True,True,False,5ccca180a79e6ef71863d3988506af1fd456483bc526c11526e02acd5618d5fa,acca3bf4e5d461e0449cae4128ac2c0ec3d9897de86e593baf3fc444cdef1865,2,True
626,5,1,"0,1,2,3,5,6,7",4,"1,2,3,5,6,7",0,6,1,"1,2,3,5,6,7",0,0,0,True,True,False,c7a8cf2c3a5a29b36ad3ebfd435924447ac373ccd3e3208252af5355dc5938f9,8d9901989a0ce089f8cbea8cbeac23544f71258a5ff2d5c7fe28f226ececfaf2,2,True
626,5,2,"0,1,2,3,5,6,7",4,"0,2,3,5,6,7",1,6,1,"0,2,3,5,6,7",0,0,0,True,True,False,b871bd4336bfe27ab886f9aa67ac61499368c2312b5673750f8a511016a06397,2503f4beaa23b8385ea89b8919400ed90b1817b055bedfe9daf1c4700d875d43,2,True
626,5,3,"0,1,2,3,5,6,7",4,"0,1,3,5,6,7",2,6,1,"0,1,3,5,6,7",0,0,0,True,True,False,74c4f343ba29542dbe7e2a8b8ea3be2e760ba663b02497bd4919f8063949a10d,5dbfc3e2033af7beac3e1bd8e92465e2d9b0575ec16269b56cb3dff8dfeec1b1,2,True
626,5,4,"0,1,2,3,5,6,7",4,"0,1,2,5,6,7",3,6,1,"0,1,2,5,6,7",0,0,0,True,True,False,60bc0870baba5a2ba29d14d68de9c3d4525af0894080f180b57a3bda4ddce537,a08c8259c1be9fea81157636df5e0ee649939069d62e5dcf0107bce76c235b41,2,True
626,5,5,"0,1,2,3,5,6,7",4,"0,1,2,3,6,7",5,6,1,"0,1,2,3,6,7",0,0,0,True,True,False,fbf86abc0ebd89659a1f370d9d1606f7ba5bd5daf7018109e713422fa3a6e0f7,d77afe6dede0a7c6940a2833c3ae42ce2f803faebc7acc0418262d276b3d5cdc,2,True
626,5,6,"0,1,2,3,5,6,7",4,"0,1,2,3,5,7",6,6,1,"0,1,2,3,5,7",0,0,0,True,True,False,9f82d73ba20386f2f8d660055c87e8240376197a70e6b1a7dd0097be462f9c9d,d3089dc9679485d406551be3d61dfb2cd4e79c0972bd0f99706c5a643a87343b,2,True
626,5,7,"0,1,2,3,5,6,7",4,"0,1,2,3,5,6",7,6,1,"0,1,2,3,5,6",0,0,0,True,True,False,cd05051201a24cc7d0cac57b801a6b6a34d16bda77dc2df465772a94be088247,cb98f43d5d8bd3bd2883e4fa054f9b7c9e9a0c00c06a1c03f5af29eb925a332c,2,True
626,6,1,"0,1,2,3,4,6,7",5,"1,2,3,4,6,7",0,6,1,"1,2,3,4,6,7",0,0,0,True,True,False,4f95ce9554fc1e5e1e4b0df1c4113a22d71d4e8f5d39d49f2c384165e19eda84,c98454d6178f52f1049c8ad97a7e05a68339ff31e1895a3184587c6e842692db,2,True
626,6,2,"0,1,2,3,4,6,7",5,"0,2,3,4,6,7",1,6,1,"0,2,3,4,6,7",0,0,0,True,True,False,f6d037e8131d0cdec0488b7fa1f4e705440ba0efe5c1d9a3b75bcb0ffe2b4150,2b8d6a5a760dc268825cd5121e05f61e5e5c0cb86eb40f7785c47e0da95e2473,2,True
626,6,3,"0,1,2,3,4,6,7",5,"0,1,3,4,6,7",2,6,1,"0,1,3,4,6,7",0,0,0,True,True,False,401c15bb96ee31be9d1ab4369b42fd55e894e0a43f307ddb55ceca9b32a81e5c,73ef822bbabc096873dbda4c6b6f8e6813f0c062ab4ee9e4195cb4efc0b0bc65,2,True
626,6,4,"0,1,2,3,4,6,7",5,"0,1,2,4,6,7",3,6,1,"0,1,2,4,6,7",0,0,0,True,True,False,a3a0135085602ba7bc03b9bed59c9ec70472a0b93807a271b3af449e27597b15,8c9a1e2ef41e5458a7a14a25f7a9c9dcf890aab14a358104b13a445243a9a360,2,True
626,6,5,"0,1,2,3,4,6,7",5,"0,1,2,3,6,7",4,6,1,"0,1,2,3,6,7",0,0,0,True,True,False,fbf86abc0ebd89659a1f370d9d1606f7ba5bd5daf7018109e713422fa3a6e0f7,55f8a1ba7d82cb3e80ec2d618c3db6ff93a1fb69bca5b5942f582e7bee6fda68,2,True
626,6,6,"0,1,2,3,4,6,7",5,"0,1,2,3,4,7",6,6,1,"0,1,2,3,4,7",0,0,0,True,True,False,2330c3fb06f85edba7ee3b983818d4382643765f54870c280000c83943fbb2d2,4a38e4efc7760d01663a6abd8fdb671a483a2506c69acfed2ab33f1ae7bb5500,2,True
626,6,7,"0,1,2,3,4,6,7",5,"0,1,2,3,4,6",7,6,1,"0,1,2,3,4,6",0,0,0,True,True,False,aefa87f481c323c93fddc10bb4edada27344e2a720544964e187ea4dbf10f697,4bd04485ec95e2c8f27c9f5765180f2fb191e3c5bdaa29a12a91e139b98a5d91,2,True
626,7,1,"0,1,2,3,4,5,7",6,"1,2,3,4,5,7",0,6,1,"1,2,3,4,5,7",0,0,0,True,True,False,108887eec05bdb0aab91095b34fd668b82eefcec6ac82788e60732d550396090,4fb31b3eb0ef5b03ac90d5380be27c2065c0694321c40679d59e16725264b44f,2,True
626,7,2,"0,1,2,3,4,5,7",6,"0,2,3,4,5,7",1,6,1,"0,2,3,4,5,7",0,0,0,True,True,False,3c0825b8641f564b6b993e496063b073af360a6f1202170e655028d66f6ad094,295b9093f9607e8273e8a6b73255ebcf0c253a91b9a790bd5b79f4847bc12493,2,True
626,7,3,"0,1,2,3,4,5,7",6,"0,1,3,4,5,7",2,6,1,"0,1,3,4,5,7",0,0,0,True,True,False,ec71833c99407aec8f1c4e5d79dde9e0e15745c04a7d7507e541f091c95da1d8,cf7c62e810c392b4003a91e73dc9eaf450f9bd25bfc8e176bc9286e8f5a648d0,2,True
626,7,4,"0,1,2,3,4,5,7",6,"0,1,2,4,5,7",3,6,1,"0,1,2,4,5,7",0,0,0,True,True,False,6a71e78022118c329ed6ba4fcf5cd08d1196d3255b912e67300b7536d026658c,de490715e441b981f9d53b604ab15397d3cb2d39d189a446b349782354bc2868,2,True
626,7,5,"0,1,2,3,4,5,7",6,"0,1,2,3,5,7",4,6,1,"0,1,2,3,5,7",0,0,0,True,True,False,9f82d73ba20386f2f8d660055c87e8240376197a70e6b1a7dd0097be462f9c9d,257517856bb2be610cd804d18c2af9f25932545318ee65e3ad5d042593bd8ac4,2,True
626,7,6,"0,1,2,3,4,5,7",6,"0,1,2,3,4,7",5,6,1,"0,1,2,3,4,7",0,0,0,True,True,False,2330c3fb06f85edba7ee3b983818d4382643765f54870c280000c83943fbb2d2,2cd47862ac129467151fd91bcf8bb23908828299d89f981183b90e28db3279f7,2,True
626,7,7,"0,1,2,3,4,5,7",6,"0,1,2,3,4,5",7,6,1,"0,1,2,3,4,5",0,0,0,True,True,False,fb8cd1192e8b9d5c2c1aa85657556ed1d703428fd0293b75848549d3bcfdd399,4f2ed94ab16cbfcf0fd854ee16265cfcf97071e24ecc94d69b4368b5df25ec10,2,True
626,8,1,"0,1,2,3,4,5,6",7,"1,2,3,4,5,6",0,6,1,"1,2,3,4,5,6",0,0,0,True,True,False,cadf380b95ad981652a9dae62ac2d550b68593800bf11e532135cd4dc44a482f,7c0b5f1644b0eabb0e580dfbb20e74c46e72b7bcfc0ad257750a02fdb0bb0e78,2,True
626,8,2,"0,1,2,3,4,5,6",7,"0,2,3,4,5,6",1,6,1,"0,2,3,4,5,6",0,0,0,True,True,False,2cad4b9d93e9be4da23434ac31115b1eb79cfa62138d9cf8b718f15b53c449bb,0af42f5bbd097b0aa6ff63528ab9fd5dde451f85e2edd22cf597a80c7d9d4899,2,True
626,8,3,"0,1,2,3,4,5,6",7,"0,1,3,4,5,6",2,6,1,"0,1,3,4,5,6",0,0,0,True,True,False,a2cec60669e2285ec0a1b023e397b8095b76c09338f47124444a1c2bbc8b85b6,19bdb4b0baaac221e45ed142becfd0a13e1fa986169fe54340c791b70949c2d9,2,True
626,8,4,"0,1,2,3,4,5,6",7,"0,1,2,4,5,6",3,6,1,"0,1,2,4,5,6",0,0,0,True,True,False,5ccca180a79e6ef71863d3988506af1fd456483bc526c11526e02acd5618d5fa,1762d5d866e2aa6c98719c45ea4bf5f1f6aa23bc0a6ed33ca09f8ef26fe04508,2,True
626,8,5,"0,1,2,3,4,5,6",7,"0,1,2,3,5,6",4,6,1,"0,1,2,3,5,6",0,0,0,True,True,False,cd05051201a24cc7d0cac57b801a6b6a34d16bda77dc2df465772a94be088247,a851494010f1eecfc100ca9ad8d5886e3eefa26d6a394de560c32e995141d86c,2,True
626,8,6,"0,1,2,3,4,5,6",7,"0,1,2,3,4,6",5,6,1,"0,1,2,3,4,6",0,0,0,True,True,False,aefa87f481c323c93fddc10bb4edada27344e2a720544964e187ea4dbf10f697,d702d3695f32fd101172d6230bab50b0afc667486fb1b1999b8c82923e22ad1f,2,True
626,8,7,"0,1,2,3,4,5,6",7,"0,1,2,3,4,5",6,6,1,"0,1,2,3,4,5",0,0,0,True,True,False,fb8cd1192e8b9d5c2c1aa85657556ed1d703428fd0293b75848549d3bcfdd399,ee76809406efd34c21f479fd8d1cf2462bb5573f95c0224c8c6939690fabd049,2,True
628,1,1,"1,2,3,4,5,6,7",0,"2,3,4,5,6,7",1,6,1,"2,3,4,5,6,7",0,0,0,True,True,False,3633b81424bd518faa03db33a3a95363922e7fe5f1dbecba282a9b1af7d0fe23,a9cc9fe3fc27bbe393bdf150455aef706117ff6d7bde54102341cd9ee03cf3de,2,True
628,1,2,"1,2,3,4,5,6,7",0,"1,3,4,5,6,7",2,6,1,"1,3,4,5,6,7",0,0,0,True,True,False,4a44ef1cda18e04c4a4ea23b49ecc524c0d9324505bc5fb04997036e85297c3b,669919bab1f52294192e6aa96cab02814dc1db50017cd594c96e7e52b824b8ae,2,True
628,1,3,"1,2,3,4,5,6,7",0,"1,2,4,5,6,7",3,6,1,"1,2,4,5,6,7",0,0,0,True,True,False,46eae96f60850f3750cb0e06d561d0be199d191439b93d6ed285970383d6ea80,569e7ea63e08790563ac38601562ea0c95ee1950ecbeeb725b95f8fdbc622411,2,True
628,1,4,"1,2,3,4,5,6,7",0,"1,2,3,5,6,7",4,6,1,"1,2,3,5,6,7",0,0,0,True,True,False,b2069f3e9b713c89744c056d05633bc100af516aef586c4e19ed4be5d8568282,18e110753b65f83a437f18f3b0a842d5fc0021bbb1ca7853b2ebdf6ece4d367c,2,True
628,1,5,"1,2,3,4,5,6,7",0,"1,2,3,4,6,7",5,6,1,"1,2,3,4,6,7",0,0,0,True,True,False,baef302b19a7419a43882d8fd269c2e943a853eef5846dd3b9c6a04f2d972dde,63b7b23c479773ecbd8c015fdd1bcf9ba0dad9b30c3507f8b7f521e41c428b24,2,True
628,1,6,"1,2,3,4,5,6,7",0,"1,2,3,4,5,7",6,6,1,"1,2,3,4,5,7",0,0,0,True,True,False,df37e8ae935a3766d5bdaf8b9fc46a5f808bf506ea27887b09151a5f231ecbb9,98a36dd911609dd5dbfe0cb96a32f8edbf8f8eed3c584f4d415ffbc0f96e6ed4,2,True
628,1,7,"1,2,3,4,5,6,7",0,"1,2,3,4,5,6",7,6,1,"1,2,3,4,5,6",0,0,0,True,True,False,9dc8dc113077cdc0821c4bad602d40fdfe567cdc80a8452a3252193c0a3e093c,a39c534c7976febfd53d90f829eed0e903326c80743b38e07f5f4704baece753,2,True
628,2,1,"0,2,3,4,5,6,7",1,"2,3,4,5,6,7",0,6,1,"2,3,4,5,6,7",0,0,0,True,True,False,3633b81424bd518faa03db33a3a95363922e7fe5f1dbecba282a9b1af7d0fe23,2f848ef5c4e1b870c4eea41594d60aed6072870ca1783bb3c3329ad3e5a29f08,2,True
628,2,2,"0,2,3,4,5,6,7",1,"0,3,4,5,6,7",2,6,1,"0,3,4,5,6,7",0,0,0,True,True,False,812dc9bf015022b0de77f0134f800848f9fbc32976b50d731824c468b344f5e7,fd53572fbb4943f996669ee0ef89b87aa7ba09a9c99c8505bc5a3e84a9800f60,2,True
628,2,3,"0,2,3,4,5,6,7",1,"0,2,4,5,6,7",3,6,1,"0,2,4,5,6,7",0,0,0,True,True,False,0fb813a46e2646c2e05835c9401d5bbc2e16e54260ec2366d389ab340ea451a9,b46c090f1b2434d0198f9875e5c4701cfced40e0c9017fab574cdd2388758384,2,True
628,2,4,"0,2,3,4,5,6,7",1,"0,2,3,5,6,7",4,6,1,"0,2,3,5,6,7",0,0,0,True,True,False,553f97fd1520d3773ba2e0f03bf9722f62c7fc3ece95be399221bad16b832fe6,1de3cb3e9ad4a916e273a5fddd98ff65cd4e92ff158c116a4300c50e900defdd,2,True
628,2,5,"0,2,3,4,5,6,7",1,"0,2,3,4,6,7",5,6,1,"0,2,3,4,6,7",0,0,0,True,True,False,d0f621d2776e6c82f721790f0dd0059023e8fee003d5ad7789431b0e41f38d45,a189f9d8af92c51622047fb58beadbbfaa377812b730635f13b5a1d593120212,2,True
628,2,6,"0,2,3,4,5,6,7",1,"0,2,3,4,5,7",6,6,1,"0,2,3,4,5,7",0,0,0,True,True,False,f819122bba692f01c8ef8ce36955fa0d057dfcecd79d64fbba908887036055fe,2867fc2087a001393001fca635928a6dbdabd1f787a7b1cb2a4240a625bcced5,2,True
628,2,7,"0,2,3,4,5,6,7",1,"0,2,3,4,5,6",7,6,1,"0,2,3,4,5,6",0,0,0,True,True,False,19be96239f750895edf6dc681cf3612214d60bc7b6d41c69c87039c198558c82,9a67f9ad9d1fec19124e35a211bfce56b27c05082863c9a1d9966689e9ef8f06,2,True
628,3,1,"0,1,3,4,5,6,7",2,"1,3,4,5,6,7",0,6,1,"1,3,4,5,6,7",0,0,0,True,True,False,4a44ef1cda18e04c4a4ea23b49ecc524c0d9324505bc5fb04997036e85297c3b,03b21f35322ebf2069f2f2ed1b83b663f8c744735178c71eae6b5ccdfae2f2f8,2,True
628,3,2,"0,1,3,4,5,6,7",2,"0,3,4,5,6,7",1,6,1,"0,3,4,5,6,7",0,0,0,True,True,False,812dc9bf015022b0de77f0134f800848f9fbc32976b50d731824c468b344f5e7,eee2d1f73f25e3a79ece7ae37fcd967c7cdcac2b208292210aba25867491f659,2,True
628,3,3,"0,1,3,4,5,6,7",2,"0,1,4,5,6,7",3,6,1,"0,1,4,5,6,7",0,0,0,True,True,False,a8ab0b5c4b81cbe6a07c8c3f30efe7d4d998a40a0cb9f9f23da323f03412652a,d8ec1a17a929d6e33e50490e76b6e77ec9b2ef9ece35f99b640e4075bfc29ca1,2,True
628,3,4,"0,1,3,4,5,6,7",2,"0,1,3,5,6,7",4,6,1,"0,1,3,5,6,7",0,0,0,True,True,False,f54f2d17e4e94a78954a156cfd41c868cc8af0dde5c02b89c82ef2cb7357b115,15f0fcce5907f4475ee153e9bec3318e5c1e7aa8c522d17204cb94dcfabf5512,2,True
628,3,5,"0,1,3,4,5,6,7",2,"0,1,3,4,6,7",5,6,1,"0,1,3,4,6,7",0,0,0,True,True,False,3e9a06b7832023e2975f61a2a4dee5acd9c383ad0c34f7f48b2b1448e38daab2,e6cf1b969a54d546075f002867804df3c494ed33082fc760e60389b889a91545,2,True
628,3,6,"0,1,3,4,5,6,7",2,"0,1,3,4,5,7",6,6,1,"0,1,3,4,5,7",0,0,0,True,True,False,599d03c7096d6b0a05b570bccb4791f5e7e8a470a96741d6c8c7f5595215e951,e7618bcaeca975dc2b6eb2fa7ee23ecc08cd79c5aff2275488141a124477a7ba,2,True
628,3,7,"0,1,3,4,5,6,7",2,"0,1,3,4,5,6",7,6,1,"0,1,3,4,5,6",0,0,0,True,True,False,27cb4b6e361994dcd9cc885030d27474388cf9559e40d5abf8269be2b6282120,c4f569f3d5afd95692e3f452822a65480c0d952082fb8b6bc05a7e12035f74be,2,True
628,4,1,"0,1,2,4,5,6,7",3,"1,2,4,5,6,7",0,6,1,"1,2,4,5,6,7",0,0,0,True,True,False,46eae96f60850f3750cb0e06d561d0be199d191439b93d6ed285970383d6ea80,1d36a34e535f8a2926bf9a0cdba7c9ee07472992c76545ffdc63cd3e3eec3fb0,2,True
628,4,2,"0,1,2,4,5,6,7",3,"0,2,4,5,6,7",1,6,1,"0,2,4,5,6,7",0,0,0,True,True,False,0fb813a46e2646c2e05835c9401d5bbc2e16e54260ec2366d389ab340ea451a9,2bbd70cf08da266e470ab9ee53256b462e6e22a7f535ab9f1b4a560c21a1d935,2,True
628,4,3,"0,1,2,4,5,6,7",3,"0,1,4,5,6,7",2,6,1,"0,1,4,5,6,7",0,0,0,True,True,False,a8ab0b5c4b81cbe6a07c8c3f30efe7d4d998a40a0cb9f9f23da323f03412652a,4a8ccfc2738df67d179c0865751157b29cf36739f4fc903f6651c164d7aad220,2,True
628,4,4,"0,1,2,4,5,6,7",3,"0,1,2,5,6,7",4,6,1,"0,1,2,5,6,7",0,0,0,True,True,False,1d1a6aca0e56621b7df50f05af17770743b48a3b73698d2e4dc296fceda28c8d,8b296eac6b9e607a8ce2bb2ac5dfe89b350263bd260d922e9e06bd1c4668215d,2,True
628,4,5,"0,1,2,4,5,6,7",3,"0,1,2,4,6,7",5,6,1,"0,1,2,4,6,7",0,0,0,True,True,False,c0f9579ae937b61db1ca78f8e0823f8e501ae65a9bb41587564ff02561b310e2,a841a33cd6178d2f51ad96c827456cfbf973bfd27975172129ef1d848478acc2,2,True
628,4,6,"0,1,2,4,5,6,7",3,"0,1,2,4,5,7",6,6,1,"0,1,2,4,5,7",0,0,0,True,True,False,3ca0d969f8b56240fe3121e08f256460be6fca9e92b21384aa5399c25c56d180,735e2df790a4755f1ed8a70cdd56ab2e56ca21c124ccbc7db44dc20f73d91d1a,2,True
628,4,7,"0,1,2,4,5,6,7",3,"0,1,2,4,5,6",7,6,1,"0,1,2,4,5,6",0,0,0,True,True,False,53faf113855e0e3962ca9fdd73a93478f86ac8de056af62fb45f9dfdca8be335,06f07e863785428d35942588c02cda23549bda1ab50205f5a3d57a6c1c86dfcf,2,True
628,5,1,"0,1,2,3,5,6,7",4,"1,2,3,5,6,7",0,6,1,"1,2,3,5,6,7",0,0,0,True,True,False,b2069f3e9b713c89744c056d05633bc100af516aef586c4e19ed4be5d8568282,9ff7b42f0af7a0c8b1415c489dfb4db68c5793df7d4b35d36b88787c9ba97b30,2,True
628,5,2,"0,1,2,3,5,6,7",4,"0,2,3,5,6,7",1,6,1,"0,2,3,5,6,7",0,0,0,True,True,False,553f97fd1520d3773ba2e0f03bf9722f62c7fc3ece95be399221bad16b832fe6,4527708f181bd4a738fe967ca7532a44bc60162efba7471c8978b13347887d04,2,True
628,5,3,"0,1,2,3,5,6,7",4,"0,1,3,5,6,7",2,6,1,"0,1,3,5,6,7",0,0,0,True,True,False,f54f2d17e4e94a78954a156cfd41c868cc8af0dde5c02b89c82ef2cb7357b115,2cbfc505c256dc2d25087f335e284eba03820b974ee0dd0abf6d95c69a4dd69d,2,True
628,5,4,"0,1,2,3,5,6,7",4,"0,1,2,5,6,7",3,6,1,"0,1,2,5,6,7",0,0,0,True,True,False,1d1a6aca0e56621b7df50f05af17770743b48a3b73698d2e4dc296fceda28c8d,711724d333aecb70a4341af8233cde8e97ae24641c4f4172cdc5c92ac27a2e1d,2,True
628,5,5,"0,1,2,3,5,6,7",4,"0,1,2,3,6,7",5,6,1,"0,1,2,3,6,7",0,0,0,True,True,False,c1be16f6c5c20d101a0e9c5adc256e0b7e34dd88deefeef2dbc47f32d2c06c38,9a862f658a5245a219e81e4e9ebb2deed83d3ca9980a3193bf9b3ab3a8f8529d,2,True
628,5,6,"0,1,2,3,5,6,7",4,"0,1,2,3,5,7",6,6,1,"0,1,2,3,5,7",0,0,0,True,True,False,cd9b9bf460ac1474736b917fdea6de2fb11b8648d53a026b7e9703970741f724,360c8a2d59014c6111db7fbc5836b7e533a29b2d4734c4a6bff1a648871756d0,2,True
628,5,7,"0,1,2,3,5,6,7",4,"0,1,2,3,5,6",7,6,1,"0,1,2,3,5,6",0,0,0,True,True,False,38ff2620dad09b2cb274c8b769f9efef0f2e02680dc48eff7dbfadc02bcbc4c7,ab4bd057617bc0dfe512ae9e933b1045bb4495a9d44337668d35d8d727c417d8,2,True
628,6,1,"0,1,2,3,4,6,7",5,"1,2,3,4,6,7",0,6,1,"1,2,3,4,6,7",0,0,0,True,True,False,baef302b19a7419a43882d8fd269c2e943a853eef5846dd3b9c6a04f2d972dde,1cdb8915c252bc3bec901fe099996b190be5441f54a6ce12fd716328933e3651,2,True
628,6,2,"0,1,2,3,4,6,7",5,"0,2,3,4,6,7",1,6,1,"0,2,3,4,6,7",0,0,0,True,True,False,d0f621d2776e6c82f721790f0dd0059023e8fee003d5ad7789431b0e41f38d45,a2de21ae55e6f879674e47c448aee8582ed374d3d3050730dd345de6dd336324,2,True
628,6,3,"0,1,2,3,4,6,7",5,"0,1,3,4,6,7",2,6,1,"0,1,3,4,6,7",0,0,0,True,True,False,3e9a06b7832023e2975f61a2a4dee5acd9c383ad0c34f7f48b2b1448e38daab2,4ab9898a8926f995f6364701cbcedf3c3589956bbe848e335904c2786dd2b5c3,2,True
628,6,4,"0,1,2,3,4,6,7",5,"0,1,2,4,6,7",3,6,1,"0,1,2,4,6,7",0,0,0,True,True,False,c0f9579ae937b61db1ca78f8e0823f8e501ae65a9bb41587564ff02561b310e2,ae3712e34f5270840aacc95efae1200aebdea88521089d4264b540230b88b67f,2,True
628,6,5,"0,1,2,3,4,6,7",5,"0,1,2,3,6,7",4,6,1,"0,1,2,3,6,7",0,0,0,True,True,False,c1be16f6c5c20d101a0e9c5adc256e0b7e34dd88deefeef2dbc47f32d2c06c38,a4b6de64b6d1086470f2c9bbd4551605a30611e47d6a4a1a196c0210f9c49ef6,2,True
628,6,6,"0,1,2,3,4,6,7",5,"0,1,2,3,4,7",6,6,1,"0,1,2,3,4,7",0,0,0,True,True,False,89f70de49f5f42163a224fe8342bdfe367e5ba48954dd045f91ead27d0b06ff3,a58068400c42e8d71547598921a948a05566624df31df660988301f5d10d01b4,2,True
628,6,7,"0,1,2,3,4,6,7",5,"0,1,2,3,4,6",7,6,1,"0,1,2,3,4,6",0,0,0,True,True,False,ff803e98645246984048568c70e6f2abfcc5d846c27614beecc807643bb28f08,233309bbb779a88bca01a32820fbd2075ff29b8eb5f17475c99afd3df9579c45,2,True
628,7,1,"0,1,2,3,4,5,7",6,"1,2,3,4,5,7",0,6,1,"1,2,3,4,5,7",0,0,0,True,True,False,df37e8ae935a3766d5bdaf8b9fc46a5f808bf506ea27887b09151a5f231ecbb9,3281817b2b89bffb6124b282de2d27e897cfd63f96bb03e8453bbe741ec981b5,2,True
628,7,2,"0,1,2,3,4,5,7",6,"0,2,3,4,5,7",1,6,1,"0,2,3,4,5,7",0,0,0,True,True,False,f819122bba692f01c8ef8ce36955fa0d057dfcecd79d64fbba908887036055fe,42db708e9e7b5ddb651ec1ee21295204e120ebd3060ee97658a4cff0337dd67a,2,True
628,7,3,"0,1,2,3,4,5,7",6,"0,1,3,4,5,7",2,6,1,"0,1,3,4,5,7",0,0,0,True,True,False,599d03c7096d6b0a05b570bccb4791f5e7e8a470a96741d6c8c7f5595215e951,e62943b5c22685b85d35b4e341904732c86b435906cc1311dc8fb96c081f5933,2,True
628,7,4,"0,1,2,3,4,5,7",6,"0,1,2,4,5,7",3,6,1,"0,1,2,4,5,7",0,0,0,True,True,False,3ca0d969f8b56240fe3121e08f256460be6fca9e92b21384aa5399c25c56d180,06439397df0a0c9e2e525f019c455409e793ea3da2766ae8fb0d9e84bff20dba,2,True
628,7,5,"0,1,2,3,4,5,7",6,"0,1,2,3,5,7",4,6,1,"0,1,2,3,5,7",0,0,0,True,True,False,cd9b9bf460ac1474736b917fdea6de2fb11b8648d53a026b7e9703970741f724,4c4586f14c6c3eb5a49d7e72ec603d3bd6efc19ff728b5886e8eda792d429337,2,True
628,7,6,"0,1,2,3,4,5,7",6,"0,1,2,3,4,7",5,6,1,"0,1,2,3,4,7",0,0,0,True,True,False,89f70de49f5f42163a224fe8342bdfe367e5ba48954dd045f91ead27d0b06ff3,0afddac6f8d6fcb0bb360c2f09f1bb6181dc08d3bb8e096459803dbc68fc89ce,2,True
628,7,7,"0,1,2,3,4,5,7",6,"0,1,2,3,4,5",7,6,1,"0,1,2,3,4,5",0,0,0,True,True,False,14c53347a05ae6cd21061b4203897802a1aeb2204477d3f91bcc2818d0f0716f,d6c12574f3a34f5bbbd8660d35be99f08c17c6d21689bbf343dc7b8dd878a373,2,True
628,8,1,"0,1,2,3,4,5,6",7,"1,2,3,4,5,6",0,6,1,"1,2,3,4,5,6",0,0,0,True,True,False,9dc8dc113077cdc0821c4bad602d40fdfe567cdc80a8452a3252193c0a3e093c,ba03962b67f606e32a8c5f38f368a4d0e14fd4f49a3f68d4480788ccf73b339f,2,True
628,8,2,"0,1,2,3,4,5,6",7,"0,2,3,4,5,6",1,6,1,"0,2,3,4,5,6",0,0,0,True,True,False,19be96239f750895edf6dc681cf3612214d60bc7b6d41c69c87039c198558c82,09b8d4712d9be4662078b29d9dff0ca389f5dd9c05442188b887910a83a40020,2,True
628,8,3,"0,1,2,3,4,5,6",7,"0,1,3,4,5,6",2,6,1,"0,1,3,4,5,6",0,0,0,True,True,False,27cb4b6e361994dcd9cc885030d27474388cf9559e40d5abf8269be2b6282120,2198a1a2eb4f4785eaf39e27d5bc6d41b8cb0cd6880bbf6b6e68af4eae894340,2,True
628,8,4,"0,1,2,3,4,5,6",7,"0,1,2,4,5,6",3,6,1,"0,1,2,4,5,6",0,0,0,True,True,False,53faf113855e0e3962ca9fdd73a93478f86ac8de056af62fb45f9dfdca8be335,047e0d257895e9aabf8350e2b15dadfb820b006b5b6823fd6a6abf464dc57451,2,True
628,8,5,"0,1,2,3,4,5,6",7,"0,1,2,3,5,6",4,6,1,"0,1,2,3,5,6",0,0,0,True,True,False,38ff2620dad09b2cb274c8b769f9efef0f2e02680dc48eff7dbfadc02bcbc4c7,3d55b3c5e0b7db86827b30a8a1f76e35c5f7d0a5ad88b6fa93cfa3fce7eca48a,2,True
628,8,6,"0,1,2,3,4,5,6",7,"0,1,2,3,4,6",5,6,1,"0,1,2,3,4,6",0,0,0,True,True,False,ff803e98645246984048568c70e6f2abfcc5d846c27614beecc807643bb28f08,6aa4920b1fc96d002b921a28214e9b481ce7cf07f751fabcbf7471e3d3aef961,2,True
628,8,7,"0,1,2,3,4,5,6",7,"0,1,2,3,4,5",6,6,1,"0,1,2,3,4,5",0,0,0,True,True,False,14c53347a05ae6cd21061b4203897802a1aeb2204477d3f91bcc2818d0f0716f,dd9872cfafa7509d425314e53f283058ccceb4e4b57b9e977781bc0e3417edec,2,True
708,1,1,"1,2,3,4,5",0,"2,3,4,5",1,4,1,"2,3,4,5",0,0,0,True,True,False,77f875f7001863ff30b17bac58b172761dd247feebefb476a2285cb2974ca6f6,3c7c4e1207f6aacb3c5e8ea10d54cb093c3050aa42f7d5b03db99feb06ad2c5a,2,True
708,1,2,"1,2,3,4,5",0,"1,3,4,5",2,4,1,"1,3,4,5",0,0,0,True,True,False,ef1add31cca6ca3bd300f3e3c224b0b0c87a61ed84c29dff9ce2d94d29496371,0a8762cd160554881b56594efbd0005d25a795a4d32956bff77df3e2f5ef0a31,2,True
708,1,3,"1,2,3,4,5",0,"1,2,4,5",3,4,1,"1,2,4,5",0,0,0,True,True,False,03b46f7e1b0d595fbc3a52f37bc9f7a7b54d7114804582dc4b88e1f6098b1ea8,1b1a3015a661270f2a808a15c4c2a417626ccf1b8d5395411925b6f0df19e851,2,True
708,1,4,"1,2,3,4,5",0,"1,2,3,5",4,4,1,"1,2,3,5",0,0,0,True,True,False,1a881d8b4d53cce18ed97e24632056bb5077cb3dda4af61dd77a671ea9cfa4c9,bebae773899cddd392a5398b988ee950ef5edd44c2af1589809f4a4cbcf3b4c7,2,True
708,1,5,"1,2,3,4,5",0,"1,2,3,4",5,4,1,"1,2,3,4",0,0,0,True,True,False,ef6f8fe05ce7bce0dcd3529cf4ad830c83dae3c9823b683f5ffc9b85cad87891,23979907b1416a15b26bd1998a4c410b8fa028fbdf7e64770599323c6ba7a00e,2,True
708,2,1,"0,2,3,4,5",1,"2,3,4,5",0,4,1,"2,3,4,5",0,0,0,True,True,False,77f875f7001863ff30b17bac58b172761dd247feebefb476a2285cb2974ca6f6,b74b2fbfb8a81e38f9a71dce9036253be46be420ae2fe0bfe1eb487a98fb4495,2,True
708,2,2,"0,2,3,4,5",1,"0,3,4,5",2,4,1,"0,3,4,5",0,0,0,True,True,False,9d4e21282ce4b3c5de0344a649dc84f631895878d4a1b0622d5a98b4fe224497,5e8b33dffbc207c57e5e3d7a0835952eacf257c681d730184b67eaa7bfc4efd0,2,True
708,2,3,"0,2,3,4,5",1,"0,2,4,5",3,4,1,"0,2,4,5",0,0,0,True,True,False,c6f929394c9bee871b426ea43c5b9ea7031e0d93272e815e8de0e49715c6dea7,72414fb6200722838a926ffe20925b91f5688a12fe1e4d315d293edbf2749941,2,True
708,2,4,"0,2,3,4,5",1,"0,2,3,5",4,4,1,"0,2,3,5",0,0,0,True,True,False,4b22f7ebcbe38de3de7f52d9d292301b7c950ef1aa4d8b8fed0d744c1ad8bb0d,b0d2e817d28de80a55dbc8aacac0ec367e1e6a6f039e975ec8a130f4070c0b24,2,True
708,2,5,"0,2,3,4,5",1,"0,2,3,4",5,4,1,"0,2,3,4",0,0,0,True,True,False,28108e45d7f3707b28f8301187bc140075bc026cd153a34186914f3895d1c70a,4edb0a0d632783af8b825b11e3c53ed3614c63e48de04372035b730e0877df8b,2,True
708,3,1,"0,1,3,4,5",2,"1,3,4,5",0,4,1,"1,3,4,5",0,0,0,True,True,False,ef1add31cca6ca3bd300f3e3c224b0b0c87a61ed84c29dff9ce2d94d29496371,1d2cf51faf2a984f3d2b97af479864362a45c505f9d0114d2b2ac89379ef715f,2,True
708,3,2,"0,1,3,4,5",2,"0,3,4,5",1,4,1,"0,3,4,5",0,0,0,True,True,False,9d4e21282ce4b3c5de0344a649dc84f631895878d4a1b0622d5a98b4fe224497,c0fe4474e7cfe46a41942faba094f5b72af017de03e96b9ce0050a029e9c9f8b,2,True
708,3,3,"0,1,3,4,5",2,"0,1,4,5",3,4,1,"0,1,4,5",0,0,0,True,True,False,0584cf36b14a54373e4b65407a91e13e55358d038570d5286b22a4ef29ddd8e4,ba1c1d2f7962548b6950ec63bdc3bd2fd7020843d9b001e9828c162236dca1b1,2,True
708,3,4,"0,1,3,4,5",2,"0,1,3,5",4,4,1,"0,1,3,5",0,0,0,True,True,False,e14ffa17fd330746e8cdb681ea1d8e4f757f44183f71aa8165d3bdeda7d7fa77,4c6c977dadb42fccdfdeb450240e37a1679c8bde6202b2469c8fc0c1e81e2544,2,True
708,3,5,"0,1,3,4,5",2,"0,1,3,4",5,4,1,"0,1,3,4",0,0,0,True,True,False,efae0127f1e904e4bfb2b9bba764b18e10b9696c2e10370bd8a99a5ef86c61de,cf9d07cac1e49b9776b4628fb6aeec3a59772c8cc4bb03c1d82e5e868d66dfcb,2,True
708,4,1,"0,1,2,4,5",3,"1,2,4,5",0,4,1,"1,2,4,5",0,0,0,True,True,False,03b46f7e1b0d595fbc3a52f37bc9f7a7b54d7114804582dc4b88e1f6098b1ea8,456dfa575104711c8fa2f8e1a8fb6ef60d613de8f1e93a0d3035009bd77135b4,2,True
708,4,2,"0,1,2,4,5",3,"0,2,4,5",1,4,1,"0,2,4,5",0,0,0,True,True,False,c6f929394c9bee871b426ea43c5b9ea7031e0d93272e815e8de0e49715c6dea7,f2dcc92c853b4a6153b03d38391df2d9ab589938a13597fb7a0b49c406871fb1,2,True
708,4,3,"0,1,2,4,5",3,"0,1,4,5",2,4,1,"0,1,4,5",0,0,0,True,True,False,0584cf36b14a54373e4b65407a91e13e55358d038570d5286b22a4ef29ddd8e4,4410ca14c91f06fe7a53de6e33b1c2267881b75136875f72ecc338cabf439f8a,2,True
708,4,4,"0,1,2,4,5",3,"0,1,2,5",4,4,1,"0,1,2,5",0,0,0,True,True,False,6ebceba564928dc70bc490846d7c60e01902a52cfa471fb94ebc94b5e4b4d834,2d87495181931470980120327cdc543597e6eb6c62922ac3a35011cadbdcf5f0,2,True
708,4,5,"0,1,2,4,5",3,"0,1,2,4",5,4,1,"0,1,2,4",0,0,0,True,True,False,87c8c924e027ca9cf1f4d72ec90957a68192ac5d0bf7c8f3a18845ab88407ebc,0c9884949d0a285645ebbd92cc7884d2df9064dd5a3cf1d533ff793b1a19bc6b,2,True
708,5,1,"0,1,2,3,5",4,"1,2,3,5",0,4,1,"1,2,3,5",0,0,0,True,True,False,1a881d8b4d53cce18ed97e24632056bb5077cb3dda4af61dd77a671ea9cfa4c9,7865bec0f299de895177643827d29619dc7fdd5842fabb2ed42b274021605ab2,2,True
708,5,2,"0,1,2,3,5",4,"0,2,3,5",1,4,1,"0,2,3,5",0,0,0,True,True,False,4b22f7ebcbe38de3de7f52d9d292301b7c950ef1aa4d8b8fed0d744c1ad8bb0d,1a67377d038a08d8d4c4fc4a641cbc4df6162c8706b67c24389f6a036e1edb05,2,True
708,5,3,"0,1,2,3,5",4,"0,1,3,5",2,4,1,"0,1,3,5",0,0,0,True,True,False,e14ffa17fd330746e8cdb681ea1d8e4f757f44183f71aa8165d3bdeda7d7fa77,08017c5e9489dfd8bbc72ffcdf4788ab59049ec6f05bbf132256acb3296ed73f,2,True
708,5,4,"0,1,2,3,5",4,"0,1,2,5",3,4,1,"0,1,2,5",0,0,0,True,True,False,6ebceba564928dc70bc490846d7c60e01902a52cfa471fb94ebc94b5e4b4d834,f92e2e31bb7b21116eab423c4cf831812e0adc6bf84588100aaa5b5593ff5582,2,True
708,5,5,"0,1,2,3,5",4,"0,1,2,3",5,4,1,"0,1,2,3",0,0,0,True,True,False,761051c8e6812a5568ec1d5e61b7881eb11030dcf53816100bb13f69a74e6448,86f3a94df6ac051f616dab21dc791d40df28687dd7f6d019636c74e592f9c5c1,2,True
708,6,1,"0,1,2,3,4",5,"1,2,3,4",0,4,1,"1,2,3,4",0,0,0,True,True,False,ef6f8fe05ce7bce0dcd3529cf4ad830c83dae3c9823b683f5ffc9b85cad87891,5960e1e46c4922772e8c98e7d741179ac346a45909c2cabc95915a9dcfad3041,2,True
708,6,2,"0,1,2,3,4",5,"0,2,3,4",1,4,1,"0,2,3,4",0,0,0,True,True,False,28108e45d7f3707b28f8301187bc140075bc026cd153a34186914f3895d1c70a,9632ffc562245a5e25487f20a3aa4864d2be60e8bd5b5edcb4de035260744a1b,2,True
708,6,3,"0,1,2,3,4",5,"0,1,3,4",2,4,1,"0,1,3,4",0,0,0,True,True,False,efae0127f1e904e4bfb2b9bba764b18e10b9696c2e10370bd8a99a5ef86c61de,2d61305e44c9a28f49da27fdd2345c1650d83ae1eb6337c678590eea37461fda,2,True
708,6,4,"0,1,2,3,4",5,"0,1,2,4",3,4,1,"0,1,2,4",0,0,0,True,True,False,87c8c924e027ca9cf1f4d72ec90957a68192ac5d0bf7c8f3a18845ab88407ebc,d9eb8b25beeaa849c958301df0c0b2166edb907874651ea7179f536423d94d82,2,True
708,6,5,"0,1,2,3,4",5,"0,1,2,3",4,4,1,"0,1,2,3",0,0,0,True,True,False,761051c8e6812a5568ec1d5e61b7881eb11030dcf53816100bb13f69a74e6448,5e9972edb267928e043e3648205858e86c2351ab13769b8b14c4e0336a74c631,2,True
709,1,1,"3,4,5,6,7,8,9,10,11,12,13,14,15,16,17,18,19,20,21","0,1,2","5,6,7,8,9,10,11,12,13,14,15,16,17,18,19,20,21","3,4",17,2,"5,6,7,8,9,10,11,12,13,14,15,16,17,18,19,20,21",0,0,0,True,True,False,c095843f9040e43bdfc5d5c26115e18fec3fb7723ac75a2454076ce5957d651f,74a1fc96cfb6007fd3c2acaf0449a107fe645cba76e2df7934f45eba2abbc04f,1,False
709,1,2,"3,4,5,6,7,8,9,10,11,12,13,14,15,16,17,18,19,20,21","0,1,2","3,4,7,8,9,10,11,12,13,14,15,16,17,18,19,20,21","5,6",17,2,"3,4,7,8,9,10,11,12,13,14,15,16,17,18,19,20,21",0,0,0,True,True,False,2e385ceafd2cfa2859b5b4bd347f2772856d9be7a1ab4966a25cceb3d3fa26ab,c19678303218921f5cb699ec9b532d67735e51cd53893edeef2c6ae8ce22bdb9,1,False
709,1,3,"3,4,5,6,7,8,9,10,11,12,13,14,15,16,17,18,19,20,21","0,1,2","3,4,5,6,9,10,11,12,13,14,15,16,17,18,19,20,21","7,8",17,2,"3,4,5,6,9,10,11,12,13,14,15,16,17,18,19,20,21",0,0,0,True,True,False,410a5f751e3920cbaec2b72751fde6ab7a1346df7e6a040323a2f9eebb23d3a8,a86dd0c187208bf493470173c1ee60c4994bde228049919e66d0f2119d3772bd,1,False
709,1,4,"3,4,5,6,7,8,9,10,11,12,13,14,15,16,17,18,19,20,21","0,1,2","3,4,5,6,7,8,11,12,13,14,15,16,17,18,19,20,21","9,10",17,2,"3,4,5,6,7,8,11,12,13,14,15,16,17,18,19,20,21",0,0,0,True,True,False,443bb8a72f7dfff6571fe7b04608721f098289539a8cea6cc4892dcb2f9db33b,99a66d0f48c01806e53f11926d3143ac19cc804d23d17a6e7b980676f8e41b2a,1,False
709,1,5,"3,4,5,6,7,8,9,10,11,12,13,14,15,16,17,18,19,20,21","0,1,2","3,4,5,6,7,8,9,10,13,14,15,16,17,18,19,20,21","11,12",17,2,"3,4,5,6,7,8,9,10,13,14,15,16,17,18,19,20,21",0,0,0,True,True,False,704c865a2b2fb72423d565c82479a3f314bd0b91a00e6682508ae36ec1b0319b,92589d7d7580759309586615e40ea6aa4d2d0b7024198fb5be39434ec474cb9a,1,False
709,1,6,"3,4,5,6,7,8,9,10,11,12,13,14,15,16,17,18,19,20,21","0,1,2","3,4,5,6,7,8,9,10,11,12,15,16,17,18,19,20,21","13,14",17,2,"3,4,5,6,7,8,9,10,11,12,15,16,17,18,19,20,21",0,0,0,True,True,False,6d99771707da56e9b72d5135039109963fcd809f5d71294c2f79ebf5427c9c06,fda63eaae5d1017a7241a57c4324666e3bc0ee2d36f5ed7d311eb2211467643d,1,False
709,1,7,"3,4,5,6,7,8,9,10,11,12,13,14,15,16,17,18,19,20,21","0,1,2","3,4,5,6,7,8,9,10,11,12,13,14,17,18,19,20,21","15,16",17,2,"3,4,5,6,7,8,9,10,11,12,13,14,17,18,19,20,21",0,0,0,True,True,False,48ddf752e1c35ff5b6fa4a5547476ed076cd5162b64aa632afb1e46f0d102bcb,68783496f5bfca0ca2dfa13ffa396442ca2e2a7655149e1f2e1cb5acf0d744f9,1,False
709,1,8,"3,4,5,6,7,8,9,10,11,12,13,14,15,16,17,18,19,20,21","0,1,2","3,4,5,6,7,8,9,10,11,12,13,14,15,16,19,20,21","17,18",17,2,"3,4,5,6,7,8,9,10,11,12,13,14,15,16,19,20,21",0,0,0,True,True,False,fd51da2bcee39f0e07ea26e1f07a03e5e73ec11c90c6a43b15758c3828de3bd4,f9d0c0b8da1a1fb7435114f518690f471fef2796e2fabef080aa407c09d48cd9,1,False
709,1,9,"3,4,5,6,7,8,9,10,11,12,13,14,15,16,17,18,19,20,21","0,1,2","3,4,5,6,7,8,9,10,11,12,13,14,15,16,17,18,21","19,20",17,2,"3,4,5,6,7,8,9,10,11,12,13,14,15,16,17,18,21",0,0,0,True,True,False,cfaa8783fc27d74632416b09f30e7501cf25de902bd8dfd62ec39153cc0cc1b1,1bbcf6d9d196ab145f5fdc20a8dbfccedf4cc8e523a97ca0fa20700c9e023aad,1,False
709,1,10,"3,4,5,6,7,8,9,10,11,12,13,14,15,16,17,18,19,20,21","0,1,2","3,4,5,6,7,8,9,10,11,12,13,14,15,16,17,18,19,20",21,18,1,"3,4,5,6,7,8,9,10,11,12,13,14,15,16,17,18,19,20",0,0,0,True,True,False,83e47b255861db1048aa72232ec32777dde703bc45d4f98dcc7f4cf41ad9de69,e58aa68e544f3d86b53e0080c93ebd9fe1da5d45340c4ec77247b7359f759d82,1,False
709,2,1,"0,1,2,6,7,8,9,10,11,12,13,14,15,16,17,18,19,20,21","3,4,5","2,6,7,8,9,10,11,12,13,14,15,16,17,18,19,20,21","0,1",17,2,"2,6,7,8,9,10,11,12,13,14,15,16,17,18,19,20,21",0,0,0,True,True,False,125d85aea2a07d91a1258a21d0474d1cc28cc2087da9378bb4d7f25dbd60e532,c2f10c93998decf4c372c41afd7dbba77dee0fbfa1d53e4314cd5bdcb089a029,1,False
709,2,2,"0,1,2,6,7,8,9,10,11,12,13,14,15,16,17,18,19,20,21","3,4,5","0,1,7,8,9,10,11,12,13,14,15,16,17,18,19,20,21","2,6",17,2,"0,1,7,8,9,10,11,12,13,14,15,16,17,18,19,20,21",0,0,0,True,True,False,8089d5d8228211343b1e9e097febd6ccdcb154cbef0f82b366f0da95e86c4a1f,a8bdaf475d5e6e1689e296aea3468e9f5d296aa88d288a23361ce4ec4ce0aa46,1,False
709,2,3,"0,1,2,6,7,8,9,10,11,12,13,14,15,16,17,18,19,20,21","3,4,5","0,1,2,6,9,10,11,12,13,14,15,16,17,18,19,20,21","7,8",17,2,"0,1,2,6,9,10,11,12,13,14,15,16,17,18,19,20,21",0,0,0,True,True,False,b3556ac6d637e361dc947a21b22dc1d059a14e4373d49851c0a212e5d6765b64,d6da73abb46b11bc0c236c5812455f9159b63c9c79d82872a8be4826bb366f33,1,False
709,2,4,"0,1,2,6,7,8,9,10,11,12,13,14,15,16,17,18,19,20,21","3,4,5","0,1,2,6,7,8,11,12,13,14,15,16,17,18,19,20,21","9,10",17,2,"0,1,2,6,7,8,11,12,13,14,15,16,17,18,19,20,21",0,0,0,True,True,False,09af7590c2e8e0e75554eeb19828a8bc65f0146e1e15ce7d1d1f056ee8ee689d,a2954f808719daa9c725140a31d6cfeaf2acfa8aa5a02daffff3b0e72af0ded7,1,False
709,2,5,"0,1,2,6,7,8,9,10,11,12,13,14,15,16,17,18,19,20,21","3,4,5","0,1,2,6,7,8,9,10,13,14,15,16,17,18,19,20,21","11,12",17,2,"0,1,2,6,7,8,9,10,13,14,15,16,17,18,19,20,21",0,0,0,True,True,False,d9e9266198295262ab41658af1dc2df995a454231cff992af810d689a82ec8ce,5f15ec43e7f1dddf20f53aea1c90ec1e2749d4324c3de448490d71a94e710430,1,False
709,2,6,"0,1,2,6,7,8,9,10,11,12,13,14,15,16,17,18,19,20,21","3,4,5","0,1,2,6,7,8,9,10,11,12,15,16,17,18,19,20,21","13,14",17,2,"0,1,2,6,7,8,9,10,11,12,15,16,17,18,19,20,21",0,0,0,True,True,False,acf970feef66b2d66af3a86aa5eea9801fee6d1489c1591323c106141264868e,1e3cfa0e4b91907ddfa55afca2cff87a857b774c12f4c567e77755c43d93da44,1,False
709,2,7,"0,1,2,6,7,8,9,10,11,12,13,14,15,16,17,18,19,20,21","3,4,5","0,1,2,6,7,8,9,10,11,12,13,14,17,18,19,20,21","15,16",17,2,"0,1,2,6,7,8,9,10,11,12,13,14,17,18,19,20,21",0,0,0,True,True,False,6660dedca91d83839071876eb9f287b19e7c1ab4e622243bbfdbdbd09f42375a,460cbf277e2e6927bd486038149538752905ee80f335ea9f2042b1dcbd215e40,1,False
709,2,8,"0,1,2,6,7,8,9,10,11,12,13,14,15,16,17,18,19,20,21","3,4,5","0,1,2,6,7,8,9,10,11,12,13,14,15,16,19,20,21","17,18",17,2,"0,1,2,6,7,8,9,10,11,12,13,14,15,16,19,20,21",0,0,0,True,True,False,b7f814d2f953b6f0904dd9c5a8ae2ac376f07a4b8f090f2eb4da34c911a4e9b0,6357768b5efb0ab03a83a531d21f3798935b73891982b30fc008e75c476e65ff,1,False
709,2,9,"0,1,2,6,7,8,9,10,11,12,13,14,15,16,17,18,19,20,21","3,4,5","0,1,2,6,7,8,9,10,11,12,13,14,15,16,17,18,21","19,20",17,2,"0,1,2,6,7,8,9,10,11,12,13,14,15,16,17,18,21",0,0,0,True,True,False,c216616a6f5e39a5ff0871bd72fc3e2f1d198bc9c26327260b58d19cecb64aa0,7dfa66217bc41b9982d3bf62c2b74104be5c8e2705f97a16f78696ed7f33f55f,1,False
709,2,10,"0,1,2,6,7,8,9,10,11,12,13,14,15,16,17,18,19,20,21","3,4,5","0,1,2,6,7,8,9,10,11,12,13,14,15,16,17,18,19,20",21,18,1,"0,1,2,6,7,8,9,10,11,12,13,14,15,16,17,18,19,20",0,0,0,True,True,False,83ed75ebe99cd915b213a68dfb43c6b2f2647d1ccebb462caa12f08295b64596,19c95800a28207dde1ec671d628f90b0fbc61235ceef402f89b91fcb9a625e93,1,False
709,3,1,"0,1,2,3,4,5,8,9,10,11,12,13,14,15,16,17,18,19,20,21","6,7","2,3,4,5,8,9,10,11,12,13,14,15,16,17,18,19,20,21","0,1",18,2,"2,3,4,5,8,9,10,11,12,13,14,15,16,17,18,19,20,21",0,0,0,True,True,False,4e6c7853af4514ade7a8c36971d8fed123057731436f15a8c77c3a0f929b3593,6ab7dcf95f6c873c4a30d861b30d2441deba43f34bb8564b388380deebd8fdd0,1,False
709,3,2,"0,1,2,3,4,5,8,9,10,11,12,13,14,15,16,17,18,19,20,21","6,7","0,1,4,5,8,9,10,11,12,13,14,15,16,17,18,19,20,21","2,3",18,2,"0,1,4,5,8,9,10,11,12,13,14,15,16,17,18,19,20,21",0,0,0,True,True,False,518a94078bd9ea56fd7ae159d4f20022bb014b4431874919a363bbabb0c87545,6cb21d40a4a8387ec3f2365cc686d42bf8c543b1e6b6e50b30144dd0b7f3f34a,1,False
709,3,3,"0,1,2,3,4,5,8,9,10,11,12,13,14,15,16,17,18,19,20,21","6,7","0,1,2,3,8,9,10,11,12,13,14,15,16,17,18,19,20,21","4,5",18,2,"0,1,2,3,8,9,10,11,12,13,14,15,16,17,18,19,20,21",0,0,0,True,True,False,99c0de186e38549a1d862de714a25657e0c9eba8c8d3f4471e79b3a365ae61f2,d8c5d4911f3c17701073890de653040d32a4414740a200bb09557c76a73bc369,1,False
709,3,4,"0,1,2,3,4,5,8,9,10,11,12,13,14,15,16,17,18,19,20,21","6,7","0,1,2,3,4,5,10,11,12,13,14,15,16,17,18,19,20,21","8,9",18,2,"0,1,2,3,4,5,10,11,12,13,14,15,16,17,18,19,20,21",0,0,0,True,True,False,c07afb121d9d2e152ac0b7f1596f1dcda1cb0db79116683f9c4ab8c0627709d5,46344a293c838cbba3e410956e6bbcac9a5f7e087db9557c19ef84314888edcc,2,True
709,3,5,"0,1,2,3,4,5,8,9,10,11,12,13,14,15,16,17,18,19,20,21","6,7","0,1,2,3,4,5,8,9,12,13,14,15,16,17,18,19,20,21","10,11",18,2,"0,1,2,3,4,5,8,9,12,13,14,15,16,17,18,19,20,21",0,0,0,True,True,False,a734bebf1abe1a339723014002eceb551d1f2fc83190b6a0702adf7c4d018a85,3b220603267b2ae1d411bad812547446f25304aeea75fd3fc3375d588edb4921,2,True
709,3,6,"0,1,2,3,4,5,8,9,10,11,12,13,14,15,16,17,18,19,20,21","6,7","0,1,2,3,4,5,8,9,10,11,14,15,16,17,18,19,20,21","12,13",18,2,"0,1,2,3,4,5,8,9,10,11,14,15,16,17,18,19,20,21",0,0,0,True,True,False,474e86107fb0a4bbc19e280f36beae209caf0111603ad8e111fb63cfa430402d,8b8c659f6cf0eb607ded1c2251c1555e351bc2f3d0b8b120f0a1805052c13f8c,2,True
709,3,7,"0,1,2,3,4,5,8,9,10,11,12,13,14,15,16,17,18,19,20,21","6,7","0,1,2,3,4,5,8,9,10,11,12,13,16,17,18,19,20,21","14,15",18,2,"0,1,2,3,4,5,8,9,10,11,12,13,16,17,18,19,20,21",0,0,0,True,True,False,746748e70e066eb11e1ec2054085bd4ba457ddcec1ddc1198c799ae9b3734f1f,803396f36958f06bfd9f2f845971fe9f0df6fc459cb7522c04ab679ef74b7b68,2,True
709,3,8,"0,1,2,3,4,5,8,9,10,11,12,13,14,15,16,17,18,19,20,21","6,7","0,1,2,3,4,5,8,9,10,11,12,13,14,15,18,19,20,21","16,17",18,2,"0,1,2,3,4,5,8,9,10,11,12,13,14,15,18,19,20,21",0,0,0,True,True,False,4806c6f9558ae95e8b00f36e034b8601e052c02bda2ebd91c97f58dc1fa7118a,49b7ba89fbbc7bb4be1991c49377ad639e2f3deb3648da6d2002484fbf9aab0b,2,True
709,3,9,"0,1,2,3,4,5,8,9,10,11,12,13,14,15,16,17,18,19,20,21","6,7","0,1,2,3,4,5,8,9,10,11,12,13,14,15,16,17,20,21","18,19",18,2,"0,1,2,3,4,5,8,9,10,11,12,13,14,15,16,17,20,21",0,0,0,True,True,False,1d15d13931c4086eafdd185bce2b2f3afdc6e5b2b12374ab35b417008b64c4a4,56d5aea1cba4f7307d100abb33f6a2c50fee22436c8fa744b9c8d6df22db443a,2,True
709,3,10,"0,1,2,3,4,5,8,9,10,11,12,13,14,15,16,17,18,19,20,21","6,7","0,1,2,3,4,5,8,9,10,11,12,13,14,15,16,17,18,19","20,21",18,2,"0,1,2,3,4,5,8,9,10,11,12,13,14,15,16,17,18,19",0,0,0,True,True,False,f01c06ca1ffeaf9fbf5d5173e87a19b572f1c7680a9208b2fed4fb52e9e9b370,d4096158ac71a58f1a7abf20a2604cedaec515deb0b96ed60bc0210f59bb058f,2,True
709,4,1,"0,1,2,3,4,5,6,7,10,11,12,13,14,15,16,17,18,19,20,21","8,9","2,3,4,5,6,7,10,11,12,13,14,15,16,17,18,19,20,21","0,1",18,2,"2,3,4,5,6,7,10,11,12,13,14,15,16,17,18,19,20,21",0,0,0,True,True,False,ba9d8541085ef13f80750adf1a3aaaa8914099a08c1a07ec08fc3c8aa64dcb6e,b4552fda1997af59b943011bd4fe07e802c1430c8bd4f177fe74961d6ac369fd,1,False
709,4,2,"0,1,2,3,4,5,6,7,10,11,12,13,14,15,16,17,18,19,20,21","8,9","0,1,4,5,6,7,10,11,12,13,14,15,16,17,18,19,20,21","2,3",18,2,"0,1,4,5,6,7,10,11,12,13,14,15,16,17,18,19,20,21",0,0,0,True,True,False,cb25f0b30e26ed29c650499f568e19b8d4f49819a074cf318106e7f4d32e8988,f506ee5d10bfeaf180665d913c4a66a6972780aa54d2304a948a4b5754937a26,1,False
709,4,3,"0,1,2,3,4,5,6,7,10,11,12,13,14,15,16,17,18,19,20,21","8,9","0,1,2,3,6,7,10,11,12,13,14,15,16,17,18,19,20,21","4,5",18,2,"0,1,2,3,6,7,10,11,12,13,14,15,16,17,18,19,20,21",0,0,0,True,True,False,198c0620cf672d260825127e640d6af8773c497118bf1994ea61f358992a5cd1,a6c661e593d930c313e80a864a88c69a9f558669d380df4086f5a3387f4f47a2,1,False
709,4,4,"0,1,2,3,4,5,6,7,10,11,12,13,14,15,16,17,18,19,20,21","8,9","0,1,2,3,4,5,10,11,12,13,14,15,16,17,18,19,20,21","6,7",18,2,"0,1,2,3,4,5,10,11,12,13,14,15,16,17,18,19,20,21",0,0,0,True,True,False,c07afb121d9d2e152ac0b7f1596f1dcda1cb0db79116683f9c4ab8c0627709d5,8aa69e3895a6a9faee7602cd62a89698dbfc038a6e7782d273ee1494d90c5a44,2,True
709,4,5,"0,1,2,3,4,5,6,7,10,11,12,13,14,15,16,17,18,19,20,21","8,9","0,1,2,3,4,5,6,7,12,13,14,15,16,17,18,19,20,21","10,11",18,2,"0,1,2,3,4,5,6,7,12,13,14,15,16,17,18,19,20,21",0,0,0,True,True,False,0f3e0a8a26c7b66640ecd192a3fc86f531c4085e4610e223634771ce01d8a813,41e98914d2c9fca46c4acb900aaa662a4e02fa64ce307fb648e81c2d104c48ab,2,True
709,4,6,"0,1,2,3,4,5,6,7,10,11,12,13,14,15,16,17,18,19,20,21","8,9","0,1,2,3,4,5,6,7,10,11,14,15,16,17,18,19,20,21","12,13",18,2,"0,1,2,3,4,5,6,7,10,11,14,15,16,17,18,19,20,21",0,0,0,True,True,False,46acb997f390942538536eb8e6d34d4a506711a85ddd68b8b76b02658ecf57e3,e929170827b1a3fe5329db639301d357b235ed91fbb41c960f192f88e476d5d8,2,True
709,4,7,"0,1,2,3,4,5,6,7,10,11,12,13,14,15,16,17,18,19,20,21","8,9","0,1,2,3,4,5,6,7,10,11,12,13,16,17,18,19,20,21","14,15",18,2,"0,1,2,3,4,5,6,7,10,11,12,13,16,17,18,19,20,21",0,0,0,True,True,False,ba86f47a3256a52ed63636ce9ce3b4f68c132405c910a1259774a199fe1d7239,d5b036ac0060ea53ea5a2672d983a170ee1c71fa28be8126c78406d9450da9f1,2,True
709,4,8,"0,1,2,3,4,5,6,7,10,11,12,13,14,15,16,17,18,19,20,21","8,9","0,1,2,3,4,5,6,7,10,11,12,13,14,15,18,19,20,21","16,17",18,2,"0,1,2,3,4,5,6,7,10,11,12,13,14,15,18,19,20,21",0,0,0,True,True,False,fce717db63f08689e1290d97f06c510096ad9497d038be9e1ee39a812eea178c,6a88fbc7da73b58f2d8f55065f73be3c0793e10ddc1f9f917ad3f35cb14dc829,2,True
709,4,9,"0,1,2,3,4,5,6,7,10,11,12,13,14,15,16,17,18,19,20,21","8,9","0,1,2,3,4,5,6,7,10,11,12,13,14,15,16,17,20,21","18,19",18,2,"0,1,2,3,4,5,6,7,10,11,12,13,14,15,16,17,20,21",0,0,0,True,True,False,fd6a062a48b990cc84451b3acdd24ce2d493d5c8057aa91811d0f6e44951a773,7981b902a0b25b123ebe5225d6519ed17d3e2230495d947d137a58336067b8f2,2,True
709,4,10,"0,1,2,3,4,5,6,7,10,11,12,13,14,15,16,17,18,19,20,21","8,9","0,1,2,3,4,5,6,7,10,11,12,13,14,15,16,17,18,19","20,21",18,2,"0,1,2,3,4,5,6,7,10,11,12,13,14,15,16,17,18,19",0,0,0,True,True,False,3773af21b38a1687c3a6daaae114695067486dd2c0642c2a230c46fb46286a46,f80b9146e23bc549b95cd4ab62050e7065422fedfb06648f60127665877aa7fa,2,True
709,5,1,"0,1,2,3,4,5,6,7,8,9,12,13,14,15,16,17,18,19,20,21","10,11","2,3,4,5,6,7,8,9,12,13,14,15,16,17,18,19,20,21","0,1",18,2,"2,3,4,5,6,7,8,9,12,13,14,15,16,17,18,19,20,21",0,0,0,True,True,False,d318ce73d0f6be2640640b1104b64725f73e20f9a27fe95657dffdad23b64f72,01b1e6642c6ca7e0ad4443c05ad6082d05ff9c2c26119f6bf2cf329a6e7f9f86,1,False
709,5,2,"0,1,2,3,4,5,6,7,8,9,12,13,14,15,16,17,18,19,20,21","10,11","0,1,4,5,6,7,8,9,12,13,14,15,16,17,18,19,20,21","2,3",18,2,"0,1,4,5,6,7,8,9,12,13,14,15,16,17,18,19,20,21",0,0,0,True,True,False,1802b88773b59e83233e3f370fce9970d3002e6c4991472de83518201d840e1a,443a6fcc03049d93a3d3ff90e8bfdf9bea997f48bd49b9ce8308483019bc12ce,1,False
709,5,3,"0,1,2,3,4,5,6,7,8,9,12,13,14,15,16,17,18,19,20,21","10,11","0,1,2,3,6,7,8,9,12,13,14,15,16,17,18,19,20,21","4,5",18,2,"0,1,2,3,6,7,8,9,12,13,14,15,16,17,18,19,20,21",0,0,0,True,True,False,4a84f087c7a5c00fdd9f442c0ddde87065e364ac7823023778fe502b8c183623,944556153c798d644f921e3702113b7454e1a0e094333a322d27e8c2a805997b,1,False
709,5,4,"0,1,2,3,4,5,6,7,8,9,12,13,14,15,16,17,18,19,20,21","10,11","0,1,2,3,4,5,8,9,12,13,14,15,16,17,18,19,20,21","6,7",18,2,"0,1,2,3,4,5,8,9,12,13,14,15,16,17,18,19,20,21",0,0,0,True,True,False,a734bebf1abe1a339723014002eceb551d1f2fc83190b6a0702adf7c4d018a85,0e1a186973a4354eab45894f900023f7c8920dfece6057fd7309e1c2a342572f,2,True
709,5,5,"0,1,2,3,4,5,6,7,8,9,12,13,14,15,16,17,18,19,20,21","10,11","0,1,2,3,4,5,6,7,12,13,14,15,16,17,18,19,20,21","8,9",18,2,"0,1,2,3,4,5,6,7,12,13,14,15,16,17,18,19,20,21",0,0,0,True,True,False,0f3e0a8a26c7b66640ecd192a3fc86f531c4085e4610e223634771ce01d8a813,9af568b2bbd8d0ebedfd851cea760f570be422438e9c1e743f12831d32082eab,2,True
709,5,6,"0,1,2,3,4,5,6,7,8,9,12,13,14,15,16,17,18,19,20,21","10,11","0,1,2,3,4,5,6,7,8,9,14,15,16,17,18,19,20,21","12,13",18,2,"0,1,2,3,4,5,6,7,8,9,14,15,16,17,18,19,20,21",0,0,0,True,True,False,c36416e8210ab6b2cc7a4eef28248e4d40199404efa569b895bcf8f69df71faf,0d7249fbc22c6a7bc7ec626915273f9f4bb726b913403a34c163e69983904d47,2,True
709,5,7,"0,1,2,3,4,5,6,7,8,9,12,13,14,15,16,17,18,19,20,21","10,11","0,1,2,3,4,5,6,7,8,9,12,13,16,17,18,19,20,21","14,15",18,2,"0,1,2,3,4,5,6,7,8,9,12,13,16,17,18,19,20,21",0,0,0,True,True,False,899766418604557688208fead361a3bbc8e5aaa8fc3705040e8a166ccd9aa0db,cdae19172e9999481d33ecb7647c877d0a8604d7dca0785726df224f4bae1c78,2,True
709,5,8,"0,1,2,3,4,5,6,7,8,9,12,13,14,15,16,17,18,19,20,21","10,11","0,1,2,3,4,5,6,7,8,9,12,13,14,15,18,19,20,21","16,17",18,2,"0,1,2,3,4,5,6,7,8,9,12,13,14,15,18,19,20,21",0,0,0,True,True,False,211cadbff401e4b70c95c3fefd375581475418aac66ed6196d7ae37aca8f9d07,70a3deb5c8b2c1d2bcea601ef201d56b8cb0a3651f0a56c99a2a04efee80e09f,2,True
709,5,9,"0,1,2,3,4,5,6,7,8,9,12,13,14,15,16,17,18,19,20,21","10,11","0,1,2,3,4,5,6,7,8,9,12,13,14,15,16,17,20,21","18,19",18,2,"0,1,2,3,4,5,6,7,8,9,12,13,14,15,16,17,20,21",0,0,0,True,True,False,5dfc2ff9585a29c07d72bb42f3bcd185113f6f8a08299e5d19c719532c63805e,f027fa72576e7fe023e4c2c214427646cffcb8a7de85c441a8732d7c06b4bd7e,2,True
709,5,10,"0,1,2,3,4,5,6,7,8,9,12,13,14,15,16,17,18,19,20,21","10,11","0,1,2,3,4,5,6,7,8,9,12,13,14,15,16,17,18,19","20,21",18,2,"0,1,2,3,4,5,6,7,8,9,12,13,14,15,16,17,18,19",0,0,0,True,True,False,37060b15bdd502ac1fdb07043ede23c18718c0462fe0f9c11ed99378eb6916f7,5b8718e740966fae82724d5df1d1949456fd4ff2fbbe1df75a58c99be87e5734,2,True
709,6,1,"0,1,2,3,4,5,6,7,8,9,10,11,14,15,16,17,18,19,20,21","12,13","2,3,4,5,6,7,8,9,10,11,14,15,16,17,18,19,20,21","0,1",18,2,"2,3,4,5,6,7,8,9,10,11,14,15,16,17,18,19,20,21",0,0,0,True,True,False,cd9b9982b1a925c46c07cb9d3363e5c1b1ba749b78573895bad5fd78c2c35b41,2bdf3430c8212325903d8b0162b65cfc83292150d666f0fb51104529361a7d4d,1,False
709,6,2,"0,1,2,3,4,5,6,7,8,9,10,11,14,15,16,17,18,19,20,21","12,13","0,1,4,5,6,7,8,9,10,11,14,15,16,17,18,19,20,21","2,3",18,2,"0,1,4,5,6,7,8,9,10,11,14,15,16,17,18,19,20,21",0,0,0,True,True,False,104666c38712ef7b493b66e08a40d54f1bf0df6e2018bba37e3237e43d759874,1c1175129e30efba9ae2c2cf7a33d99631f1387e8b6606558eaf79ae2aa640e7,1,False
709,6,3,"0,1,2,3,4,5,6,7,8,9,10,11,14,15,16,17,18,19,20,21","12,13","0,1,2,3,6,7,8,9,10,11,14,15,16,17,18,19,20,21","4,5",18,2,"0,1,2,3,6,7,8,9,10,11,14,15,16,17,18,19,20,21",0,0,0,True,True,False,a9240be627d5b354c3f1ab013483410554462af887a08e1213db4214dec428e8,09652bea239f579552f94eff49e059aa38fb49cebdcb6b727b673b0a4ad31653,1,False
709,6,4,"0,1,2,3,4,5,6,7,8,9,10,11,14,15,16,17,18,19,20,21","12,13","0,1,2,3,4,5,8,9,10,11,14,15,16,17,18,19,20,21","6,7",18,2,"0,1,2,3,4,5,8,9,10,11,14,15,16,17,18,19,20,21",0,0,0,True,True,False,474e86107fb0a4bbc19e280f36beae209caf0111603ad8e111fb63cfa430402d,20f022d01a615ef17969f95cf44593394f90affff7f879dab8b6ff1ffb13241c,2,True
709,6,5,"0,1,2,3,4,5,6,7,8,9,10,11,14,15,16,17,18,19,20,21","12,13","0,1,2,3,4,5,6,7,10,11,14,15,16,17,18,19,20,21","8,9",18,2,"0,1,2,3,4,5,6,7,10,11,14,15,16,17,18,19,20,21",0,0,0,True,True,False,46acb997f390942538536eb8e6d34d4a506711a85ddd68b8b76b02658ecf57e3,279f9e8b03b412e2dea6baaa0949010bdb7a2e662b85f08143ba6db3cde9e936,2,True
709,6,6,"0,1,2,3,4,5,6,7,8,9,10,11,14,15,16,17,18,19,20,21","12,13","0,1,2,3,4,5,6,7,8,9,14,15,16,17,18,19,20,21","10,11",18,2,"0,1,2,3,4,5,6,7,8,9,14,15,16,17,18,19,20,21",0,0,0,True,True,False,c36416e8210ab6b2cc7a4eef28248e4d40199404efa569b895bcf8f69df71faf,3cb092ba8d53757fb1037548d8a7af7fa37418a6f5b95ed659259abe7b5b55f0,2,True
709,6,7,"0,1,2,3,4,5,6,7,8,9,10,11,14,15,16,17,18,19,20,21","12,13","0,1,2,3,4,5,6,7,8,9,10,11,16,17,18,19,20,21","14,15",18,2,"0,1,2,3,4,5,6,7,8,9,10,11,16,17,18,19,20,21",0,0,0,True,True,False,5b09334351aad36e01855f1565fdb5985b6590bd2de1bb177565f1f7783125d3,93b2bc3a63d802d7a8baf8bcf838bd1774740dcf995522a336818ff764403f01,2,True
709,6,8,"0,1,2,3,4,5,6,7,8,9,10,11,14,15,16,17,18,19,20,21","12,13","0,1,2,3,4,5,6,7,8,9,10,11,14,15,18,19,20,21","16,17",18,2,"0,1,2,3,4,5,6,7,8,9,10,11,14,15,18,19,20,21",0,0,0,True,True,False,90652d04ad1aec62bc64cb2250a8429a1fc14a18073f3e05331bf4d447129f32,58f470ca9b1addadec2a1417f31adaacb91c65d4fc9d199e6e6e89e762073ca7,2,True
709,6,9,"0,1,2,3,4,5,6,7,8,9,10,11,14,15,16,17,18,19,20,21","12,13","0,1,2,3,4,5,6,7,8,9,10,11,14,15,16,17,20,21","18,19",18,2,"0,1,2,3,4,5,6,7,8,9,10,11,14,15,16,17,20,21",0,0,0,True,True,False,a9ad36b4bbfeaa12bd95d683af4f6a4ee7fd46b0b87e5101233cba58e7ef78f7,b6266a0c100161cb0d6bac3037cb05d9bb9dabd8c7812842ac400c950df4bd55,2,True
709,6,10,"0,1,2,3,4,5,6,7,8,9,10,11,14,15,16,17,18,19,20,21","12,13","0,1,2,3,4,5,6,7,8,9,10,11,14,15,16,17,18,19","20,21",18,2,"0,1,2,3,4,5,6,7,8,9,10,11,14,15,16,17,18,19",0,0,0,True,True,False,ddda19cd4cb53e943b91b5b850e01e07ccf1c4b394fb30f4e27be36a552cbfd0,1732d533d42c46c3fd66bf750b6bd8c9fd1354fa78de1fd844089e9fd71c3928,2,True
709,7,1,"0,1,2,3,4,5,6,7,8,9,10,11,12,13,16,17,18,19,20,21","14,15","2,3,4,5,6,7,8,9,10,11,12,13,16,17,18,19,20,21","0,1",18,2,"2,3,4,5,6,7,8,9,10,11,12,13,16,17,18,19,20,21",0,0,0,True,True,False,48c2c5ead90374f1f545fcbd3632381ceb087336551e1966d12ae84b5e96cf53,9fbb5113ed9c4f4e239b15d98c268ee1f7d538a3cff044aa64dbe5ccba71c877,1,False
709,7,2,"0,1,2,3,4,5,6,7,8,9,10,11,12,13,16,17,18,19,20,21","14,15","0,1,4,5,6,7,8,9,10,11,12,13,16,17,18,19,20,21","2,3",18,2,"0,1,4,5,6,7,8,9,10,11,12,13,16,17,18,19,20,21",0,0,0,True,True,False,07f90b3bf6011427411b1461956dab7ae97b92039da8c73825d76f59d5443ca6,70b1adea94961324f7d577a4b468185e65ae7882745ae14ec687b86290c2b0f9,1,False
709,7,3,"0,1,2,3,4,5,6,7,8,9,10,11,12,13,16,17,18,19,20,21","14,15","0,1,2,3,6,7,8,9,10,11,12,13,16,17,18,19,20,21","4,5",18,2,"0,1,2,3,6,7,8,9,10,11,12,13,16,17,18,19,20,21",0,0,0,True,True,False,0b3492314402494eec3b907b4b6f53093af0e1b351a482e868c52e469fda6e04,93b884d5b30282192fe327f3f759bc50ef7dd85c50a5d4f7844434fe703d7abc,1,False
709,7,4,"0,1,2,3,4,5,6,7,8,9,10,11,12,13,16,17,18,19,20,21","14,15","0,1,2,3,4,5,8,9,10,11,12,13,16,17,18,19,20,21","6,7",18,2,"0,1,2,3,4,5,8,9,10,11,12,13,16,17,18,19,20,21",0,0,0,True,True,False,746748e70e066eb11e1ec2054085bd4ba457ddcec1ddc1198c799ae9b3734f1f,9e617836cc51d6d949203bbca80404b946d4ed141ebe8b4a20a1891944688e16,2,True
709,7,5,"0,1,2,3,4,5,6,7,8,9,10,11,12,13,16,17,18,19,20,21","14,15","0,1,2,3,4,5,6,7,10,11,12,13,16,17,18,19,20,21","8,9",18,2,"0,1,2,3,4,5,6,7,10,11,12,13,16,17,18,19,20,21",0,0,0,True,True,False,ba86f47a3256a52ed63636ce9ce3b4f68c132405c910a1259774a199fe1d7239,bf12c6f800ec76e65f0468611f1289d78289578ae9118ed046a406f39d04cdf2,2,True
709,7,6,"0,1,2,3,4,5,6,7,8,9,10,11,12,13,16,17,18,19,20,21","14,15","0,1,2,3,4,5,6,7,8,9,12,13,16,17,18,19,20,21","10,11",18,2,"0,1,2,3,4,5,6,7,8,9,12,13,16,17,18,19,20,21",0,0,0,True,True,False,899766418604557688208fead361a3bbc8e5aaa8fc3705040e8a166ccd9aa0db,fd9eadbafd586c03ef6b2e2fe17e783f490d3520c91f2f29136090005d0a65ab,2,True
709,7,7,"0,1,2,3,4,5,6,7,8,9,10,11,12,13,16,17,18,19,20,21","14,15","0,1,2,3,4,5,6,7,8,9,10,11,16,17,18,19,20,21","12,13",18,2,"0,1,2,3,4,5,6,7,8,9,10,11,16,17,18,19,20,21",0,0,0,True,True,False,5b09334351aad36e01855f1565fdb5985b6590bd2de1bb177565f1f7783125d3,64519b8dab2789ca0c5d030eb117747c0bbcc8f3367e48cd99eee590455683aa,2,True
709,7,8,"0,1,2,3,4,5,6,7,8,9,10,11,12,13,16,17,18,19,20,21","14,15","0,1,2,3,4,5,6,7,8,9,10,11,12,13,18,19,20,21","16,17",18,2,"0,1,2,3,4,5,6,7,8,9,10,11,12,13,18,19,20,21",0,0,0,True,True,False,2f7fb9d95edc87ef3b3e858e38bf8fe129efdca6d62946f201aa6e9473778e85,e773ed87dafc0e4988e66b11d2697474dd4696a3aff697719f3645052df6c043,2,True
709,7,9,"0,1,2,3,4,5,6,7,8,9,10,11,12,13,16,17,18,19,20,21","14,15","0,1,2,3,4,5,6,7,8,9,10,11,12,13,16,17,20,21","18,19",18,2,"0,1,2,3,4,5,6,7,8,9,10,11,12,13,16,17,20,21",0,0,0,True,True,False,d6ecf6aba64ff922a384926cb2a4b5ee5e46fcd0456d741c45637e592e15c926,0ed91c61924a01d257d2c25dc6f22e7db6e1b2b49e02ab0887d87c0327b5f629,2,True
709,7,10,"0,1,2,3,4,5,6,7,8,9,10,11,12,13,16,17,18,19,20,21","14,15","0,1,2,3,4,5,6,7,8,9,10,11,12,13,16,17,18,19","20,21",18,2,"0,1,2,3,4,5,6,7,8,9,10,11,12,13,16,17,18,19",0,0,0,True,True,False,8eb4fd32579029bc1e05523dcbf356c91615afbc541f567a0a3afe080ae2fc6f,7cbc7fd1dc7fa474240ef4476b0bd8e2ad468cf0af547a6280ea02d07032b834,2,True
709,8,1,"0,1,2,3,4,5,6,7,8,9,10,11,12,13,14,15,18,19,20,21","16,17","2,3,4,5,6,7,8,9,10,11,12,13,14,15,18,19,20,21","0,1",18,2,"2,3,4,5,6,7,8,9,10,11,12,13,14,15,18,19,20,21",0,0,0,True,True,False,020cded542fe951569705a6fd37dae1806433acaa40b2e8daa5134e0033fe908,b61da7506be89a6afe36ba3a2d134aafad37305fb8c4d8a68acfa8c0fc3e3286,1,False
709,8,2,"0,1,2,3,4,5,6,7,8,9,10,11,12,13,14,15,18,19,20,21","16,17","0,1,4,5,6,7,8,9,10,11,12,13,14,15,18,19,20,21","2,3",18,2,"0,1,4,5,6,7,8,9,10,11,12,13,14,15,18,19,20,21",0,0,0,True,True,False,bafe6b9ed0ecaa37fdf98707761a88ee75378fecc1c599b62fcb93f02b5aa9e2,51eeed03263b66b8641c3b625487018b25655b8d22c7d9af2d7e5eed5afa9cf0,1,False
709,8,3,"0,1,2,3,4,5,6,7,8,9,10,11,12,13,14,15,18,19,20,21","16,17","0,1,2,3,6,7,8,9,10,11,12,13,14,15,18,19,20,21","4,5",18,2,"0,1,2,3,6,7,8,9,10,11,12,13,14,15,18,19,20,21",0,0,0,True,True,False,34f4170272481dbfe910193b8835b2ff9d5f5a70fcb44490469be52513f75fbe,ffa2dbbc36071a113a91db082b234140f1adafff12221ccef5f66d0fc933ed3d,1,False
709,8,4,"0,1,2,3,4,5,6,7,8,9,10,11,12,13,14,15,18,19,20,21","16,17","0,1,2,3,4,5,8,9,10,11,12,13,14,15,18,19,20,21","6,7",18,2,"0,1,2,3,4,5,8,9,10,11,12,13,14,15,18,19,20,21",0,0,0,True,True,False,4806c6f9558ae95e8b00f36e034b8601e052c02bda2ebd91c97f58dc1fa7118a,026be20eb72af16aeb6f0d9666a3ed4f707f8901c2fe42b83be5ade80ec87dc5,2,True
709,8,5,"0,1,2,3,4,5,6,7,8,9,10,11,12,13,14,15,18,19,20,21","16,17","0,1,2,3,4,5,6,7,10,11,12,13,14,15,18,19,20,21","8,9",18,2,"0,1,2,3,4,5,6,7,10,11,12,13,14,15,18,19,20,21",0,0,0,True,True,False,fce717db63f08689e1290d97f06c510096ad9497d038be9e1ee39a812eea178c,ac857e7d9fa6fdc42b25f0ec018e44bf4b38bf27db9e3172e41fc9bfc9707b9f,2,True
709,8,6,"0,1,2,3,4,5,6,7,8,9,10,11,12,13,14,15,18,19,20,21","16,17","0,1,2,3,4,5,6,7,8,9,12,13,14,15,18,19,20,21","10,11",18,2,"0,1,2,3,4,5,6,7,8,9,12,13,14,15,18,19,20,21",0,0,0,True,True,False,211cadbff401e4b70c95c3fefd375581475418aac66ed6196d7ae37aca8f9d07,c5412033fe9f4c1cb794281e41cbee027c5a32c6a6e26c4c6b98099970ec5696,2,True
709,8,7,"0,1,2,3,4,5,6,7,8,9,10,11,12,13,14,15,18,19,20,21","16,17","0,1,2,3,4,5,6,7,8,9,10,11,14,15,18,19,20,21","12,13",18,2,"0,1,2,3,4,5,6,7,8,9,10,11,14,15,18,19,20,21",0,0,0,True,True,False,90652d04ad1aec62bc64cb2250a8429a1fc14a18073f3e05331bf4d447129f32,253811d888549d3dc491e3d87373fe84cca240ce2db9602ea1970a71397222c1,2,True
709,8,8,"0,1,2,3,4,5,6,7,8,9,10,11,12,13,14,15,18,19,20,21","16,17","0,1,2,3,4,5,6,7,8,9,10,11,12,13,18,19,20,21","14,15",18,2,"0,1,2,3,4,5,6,7,8,9,10,11,12,13,18,19,20,21",0,0,0,True,True,False,2f7fb9d95edc87ef3b3e858e38bf8fe129efdca6d62946f201aa6e9473778e85,63754e354809fc6d1b7e988abd1fa539bd815b53b91848c2ddd9378ed0542605,2,True
709,8,9,"0,1,2,3,4,5,6,7,8,9,10,11,12,13,14,15,18,19,20,21","16,17","0,1,2,3,4,5,6,7,8,9,10,11,12,13,14,15,20,21","18,19",18,2,"0,1,2,3,4,5,6,7,8,9,10,11,12,13,14,15,20,21",0,0,0,True,True,False,e34b8ba1825f19f1cfde5a33e91a6f7e7105806626e57f7d0b1e38ac42719695,da35441ca6f94e2cedd01152d352fff8d082774a91ff05b08af18e1f87ae1bfb,2,True
709,8,10,"0,1,2,3,4,5,6,7,8,9,10,11,12,13,14,15,18,19,20,21","16,17","0,1,2,3,4,5,6,7,8,9,10,11,12,13,14,15,18,19","20,21",18,2,"0,1,2,3,4,5,6,7,8,9,10,11,12,13,14,15,18,19",0,0,0,True,True,False,4272cccd4f0ec535fc8dd1964373d0f62506f5421a82e1f048842ecf20b47e98,878ca45d3a7ca9dcf4cb5ef1b8264fae6b2efc516119d29d4265926a563df506,2,True
709,9,1,"0,1,2,3,4,5,6,7,8,9,10,11,12,13,14,15,16,17,20,21","18,19","2,3,4,5,6,7,8,9,10,11,12,13,14,15,16,17,20,21","0,1",18,2,"2,3,4,5,6,7,8,9,10,11,12,13,14,15,16,17,20,21",0,0,0,True,True,False,0c5003d1dd2ec77a640270a4a4be68685814325e76aee510237326f8eee5eca5,19b91f27f5538b48f729731e08cb831d5703137f8a0d4e92bb7f878030bf2574,1,False
709,9,2,"0,1,2,3,4,5,6,7,8,9,10,11,12,13,14,15,16,17,20,21","18,19","0,1,4,5,6,7,8,9,10,11,12,13,14,15,16,17,20,21","2,3",18,2,"0,1,4,5,6,7,8,9,10,11,12,13,14,15,16,17,20,21",0,0,0,True,True,False,5f6338c27e8eb777480635c9833e92c588ca9fef092583026634f14612b3f8b4,2f316cf69e74cf00ce681310b8793a2662b6ddee1b1698444e963cdd7443dbac,1,False
709,9,3,"0,1,2,3,4,5,6,7,8,9,10,11,12,13,14,15,16,17,20,21","18,19","0,1,2,3,6,7,8,9,10,11,12,13,14,15,16,17,20,21","4,5",18,2,"0,1,2,3,6,7,8,9,10,11,12,13,14,15,16,17,20,21",0,0,0,True,True,False,eaa8f6ed826b83e72e86f5c8ba3170f3d3c18103e1fb86e9688123c9986b10c8,7ecc52d7a8cdf41695a98d18862bbf5a89a2a539dc43f79b7651a7099285f50e,1,False
709,9,4,"0,1,2,3,4,5,6,7,8,9,10,11,12,13,14,15,16,17,20,21","18,19","0,1,2,3,4,5,8,9,10,11,12,13,14,15,16,17,20,21","6,7",18,2,"0,1,2,3,4,5,8,9,10,11,12,13,14,15,16,17,20,21",0,0,0,True,True,False,1d15d13931c4086eafdd185bce2b2f3afdc6e5b2b12374ab35b417008b64c4a4,d526ebbe0304c6f862ac3ecfdda238148093f6130f1d23fcd8195238fd5682ff,2,True
709,9,5,"0,1,2,3,4,5,6,7,8,9,10,11,12,13,14,15,16,17,20,21","18,19","0,1,2,3,4,5,6,7,10,11,12,13,14,15,16,17,20,21","8,9",18,2,"0,1,2,3,4,5,6,7,10,11,12,13,14,15,16,17,20,21",0,0,0,True,True,False,fd6a062a48b990cc84451b3acdd24ce2d493d5c8057aa91811d0f6e44951a773,b14b0362318dd915ea859a9874ab7d79c7f290f4b34948351a646de57a8b0211,2,True
709,9,6,"0,1,2,3,4,5,6,7,8,9,10,11,12,13,14,15,16,17,20,21","18,19","0,1,2,3,4,5,6,7,8,9,12,13,14,15,16,17,20,21","10,11",18,2,"0,1,2,3,4,5,6,7,8,9,12,13,14,15,16,17,20,21",0,0,0,True,True,False,5dfc2ff9585a29c07d72bb42f3bcd185113f6f8a08299e5d19c719532c63805e,4c3b2fe67d9450f3067c01cd53c39008ef81201a1fa74a8aedb82cdc89de5fe9,2,True
709,9,7,"0,1,2,3,4,5,6,7,8,9,10,11,12,13,14,15,16,17,20,21","18,19","0,1,2,3,4,5,6,7,8,9,10,11,14,15,16,17,20,21","12,13",18,2,"0,1,2,3,4,5,6,7,8,9,10,11,14,15,16,17,20,21",0,0,0,True,True,False,a9ad36b4bbfeaa12bd95d683af4f6a4ee7fd46b0b87e5101233cba58e7ef78f7,19bdcfdb3d848f1bd44bfda47a3237a80130ff64c2c72ba18aeaea2efc7c9e4d,2,True
709,9,8,"0,1,2,3,4,5,6,7,8,9,10,11,12,13,14,15,16,17,20,21","18,19","0,1,2,3,4,5,6,7,8,9,10,11,12,13,16,17,20,21","14,15",18,2,"0,1,2,3,4,5,6,7,8,9,10,11,12,13,16,17,20,21",0,0,0,True,True,False,d6ecf6aba64ff922a384926cb2a4b5ee5e46fcd0456d741c45637e592e15c926,b5077dc5e6154382e788a4ef858597353c16d75546ed96afcacbcf1993d878e0,2,True
709,9,9,"0,1,2,3,4,5,6,7,8,9,10,11,12,13,14,15,16,17,20,21","18,19","0,1,2,3,4,5,6,7,8,9,10,11,12,13,14,15,20,21","16,17",18,2,"0,1,2,3,4,5,6,7,8,9,10,11,12,13,14,15,20,21",0,0,0,True,True,False,e34b8ba1825f19f1cfde5a33e91a6f7e7105806626e57f7d0b1e38ac42719695,94bb37b287f6645e0d61049fa50c936c2be4b26af236a9e953d60c9202e68dce,2,True
709,9,10,"0,1,2,3,4,5,6,7,8,9,10,11,12,13,14,15,16,17,20,21","18,19","0,1,2,3,4,5,6,7,8,9,10,11,12,13,14,15,16,17","20,21",18,2,"0,1,2,3,4,5,6,7,8,9,10,11,12,13,14,15,16,17",0,0,0,True,True,False,0e338e7208228882a24f0de6c65c87d2d6e32e81d3e6d39c53a9f5921c571388,5ef2d5ce928b6ac4022af9ba90cb75d0fb0c82f27889387e7329b06f36e50f34,2,True
709,10,1,"0,1,2,3,4,5,6,7,8,9,10,11,12,13,14,15,16,17,18,19","20,21","2,3,4,5,6,7,8,9,10,11,12,13,14,15,16,17,18,19","0,1",18,2,"2,3,4,5,6,7,8,9,10,11,12,13,14,15,16,17,18,19",0,0,0,True,True,False,105bd2b63b92976030f8d7dab2f78370b7df522e90f5b14b13b53bb23c21f358,b9de285903806f2d9b139761a23685c30bdce0858f6761d2705f342bc2b8efc1,1,False
709,10,2,"0,1,2,3,4,5,6,7,8,9,10,11,12,13,14,15,16,17,18,19","20,21","0,1,4,5,6,7,8,9,10,11,12,13,14,15,16,17,18,19","2,3",18,2,"0,1,4,5,6,7,8,9,10,11,12,13,14,15,16,17,18,19",0,0,0,True,True,False,41b5d13d94603af6d96d47826e99b785268ef896146093c344ee71b084c6af04,4ceedd1bb536209417c657ce49e0645339f8912bcf9a651308cbd27a3580a7b8,1,False
709,10,3,"0,1,2,3,4,5,6,7,8,9,10,11,12,13,14,15,16,17,18,19","20,21","0,1,2,3,6,7,8,9,10,11,12,13,14,15,16,17,18,19","4,5",18,2,"0,1,2,3,6,7,8,9,10,11,12,13,14,15,16,17,18,19",0,0,0,True,True,False,479546729f56495ed7c610c2c02a954ae2157b48ef8d8b35b22d638317f545d5,1a3310297ab53757cd54cb68a86dbb1e56a3119416096d79d942a146296d1dad,1,False
709,10,4,"0,1,2,3,4,5,6,7,8,9,10,11,12,13,14,15,16,17,18,19","20,21","0,1,2,3,4,5,8,9,10,11,12,13,14,15,16,17,18,19","6,7",18,2,"0,1,2,3,4,5,8,9,10,11,12,13,14,15,16,17,18,19",0,0,0,True,True,False,f01c06ca1ffeaf9fbf5d5173e87a19b572f1c7680a9208b2fed4fb52e9e9b370,973a8a4ed8d77c0282016fa996cb882fa7c0d820189307c6d2258256fcebc0fd,2,True
709,10,5,"0,1,2,3,4,5,6,7,8,9,10,11,12,13,14,15,16,17,18,19","20,21","0,1,2,3,4,5,6,7,10,11,12,13,14,15,16,17,18,19","8,9",18,2,"0,1,2,3,4,5,6,7,10,11,12,13,14,15,16,17,18,19",0,0,0,True,True,False,3773af21b38a1687c3a6daaae114695067486dd2c0642c2a230c46fb46286a46,90a401125b26ebfc4c0a50bf3def425f610da5f5fc1cacf5cd3c74de73897fe3,2,True
709,10,6,"0,1,2,3,4,5,6,7,8,9,10,11,12,13,14,15,16,17,18,19","20,21","0,1,2,3,4,5,6,7,8,9,12,13,14,15,16,17,18,19","10,11",18,2,"0,1,2,3,4,5,6,7,8,9,12,13,14,15,16,17,18,19",0,0,0,True,True,False,37060b15bdd502ac1fdb07043ede23c18718c0462fe0f9c11ed99378eb6916f7,0a185e8045539b32d43e2c57d0e37b7f861d8e228c914ee230d21f9e6fe03aa2,2,True
709,10,7,"0,1,2,3,4,5,6,7,8,9,10,11,12,13,14,15,16,17,18,19","20,21","0,1,2,3,4,5,6,7,8,9,10,11,14,15,16,17,18,19","12,13",18,2,"0,1,2,3,4,5,6,7,8,9,10,11,14,15,16,17,18,19",0,0,0,True,True,False,ddda19cd4cb53e943b91b5b850e01e07ccf1c4b394fb30f4e27be36a552cbfd0,b9805642eb65443cfefd99d12b01bfab908a37cdd8a91b91deada4a4eaf36610,2,True
709,10,8,"0,1,2,3,4,5,6,7,8,9,10,11,12,13,14,15,16,17,18,19","20,21","0,1,2,3,4,5,6,7,8,9,10,11,12,13,16,17,18,19","14,15",18,2,"0,1,2,3,4,5,6,7,8,9,10,11,12,13,16,17,18,19",0,0,0,True,True,False,8eb4fd32579029bc1e05523dcbf356c91615afbc541f567a0a3afe080ae2fc6f,c3a9679d5b7a337663e029b348b9e137543060a1922c25b4b2c58fd9513e22bb,2,True
709,10,9,"0,1,2,3,4,5,6,7,8,9,10,11,12,13,14,15,16,17,18,19","20,21","0,1,2,3,4,5,6,7,8,9,10,11,12,13,14,15,18,19","16,17",18,2,"0,1,2,3,4,5,6,7,8,9,10,11,12,13,14,15,18,19",0,0,0,True,True,False,4272cccd4f0ec535fc8dd1964373d0f62506f5421a82e1f048842ecf20b47e98,735cf92983be2b24c109f72c05c86e90f93521f4908ef1ea89d85c6fecc61b14,2,True
709,10,10,"0,1,2,3,4,5,6,7,8,9,10,11,12,13,14,15,16,17,18,19","20,21","0,1,2,3,4,5,6,7,8,9,10,11,12,13,14,15,16,17","18,19",18,2,"0,1,2,3,4,5,6,7,8,9,10,11,12,13,14,15,16,17",0,0,0,True,True,False,0e338e7208228882a24f0de6c65c87d2d6e32e81d3e6d39c53a9f5921c571388,5e01ff90b399b604be26694d59d219feaf547c718664f7e0ea8e873e992ba073,2,True
710,1,1,"2,3,4,5,6,7,8,9,10,11,12,13,14,15,16,17","0,1","4,5,6,7,8,9,10,11,12,13,14,15,16,17","2,3",14,2,"4,5,6,7,8,9,10,11,12,13,14,15,16,17",0,0,0,True,True,False,93ab9cfba19e78cf83a6f83f23ef5bbb6eef58fac24ef2a6ae2a06a8d07a88b7,ab78c4f0bdc228a69a9457bf728fa5e23ad0b43b819bb7458f1df97a4a039094,2,True
710,1,2,"2,3,4,5,6,7,8,9,10,11,12,13,14,15,16,17","0,1","2,3,6,7,8,9,10,11,12,13,14,15,16,17","4,5",14,2,"2,3,6,7,8,9,10,11,12,13,14,15,16,17",0,0,0,True,True,False,5746ac14e94de07261d17228fb9963e2c1c6a6629516cbe35518e6ab37f02953,b98a151b68e2f8c5b200518c85760b2a6548fae17bcfca1ea64eb7e97e877e63,2,True
710,1,3,"2,3,4,5,6,7,8,9,10,11,12,13,14,15,16,17","0,1","2,3,4,5,8,9,10,11,12,13,14,15,16,17","6,7",14,2,"2,3,4,5,8,9,10,11,12,13,14,15,16,17",0,0,0,True,True,False,5956657c25f8c7fec0a430c5924fa3cbaf13f8d024aa84e515e1382b95f9f5a8,d1e799937fb5189dd0ccf468a0a457eb71c89e25b410c3a664739e1c1ee1e0ac,2,True
710,1,4,"2,3,4,5,6,7,8,9,10,11,12,13,14,15,16,17","0,1","2,3,4,5,6,7,10,11,12,13,14,15,16,17","8,9",14,2,"2,3,4,5,6,7,10,11,12,13,14,15,16,17",0,0,0,True,True,False,9fa3eeda101067c3f1e5d36d924c952f04511e09e8b94d6fe29904e17dc63a6a,0bdf38cc4f7924e51a01dfdf3c386aa1d3309cef7aaa14d823f4d4120f640eba,2,True
710,1,5,"2,3,4,5,6,7,8,9,10,11,12,13,14,15,16,17","0,1","2,3,4,5,6,7,8,9,12,13,14,15,16,17","10,11",14,2,"2,3,4,5,6,7,8,9,12,13,14,15,16,17",0,0,0,True,True,False,34600e9c9468d2f210f58b9a76831c1049bdf3700ffe5507d8c3b626755af4b8,6db2373c7bcfa0789a64f075d7c47cf7d65f1af24f665f6168495c36a83f44ae,2,True
710,1,6,"2,3,4,5,6,7,8,9,10,11,12,13,14,15,16,17","0,1","2,3,4,5,6,7,8,9,10,11,14,15,16,17","12,13",14,2,"2,3,4,5,6,7,8,9,10,11,14,15,16,17",0,0,0,True,True,False,b8836c85f8b3d1e5b531253ecc5a52ffd44938978f3a2286055ab526f1221c5f,62b8f0abf536dd470cc7d376d10ccd64ffc90bac57045ec96611f8cde961d185,2,True
710,1,7,"2,3,4,5,6,7,8,9,10,11,12,13,14,15,16,17","0,1","2,3,4,5,6,7,8,9,10,11,12,13,15,16,17",14,15,1,"2,3,4,5,6,7,8,9,10,11,12,13,15,16,17",0,0,0,True,True,False,8643a6bbf3c98b3780645cd002222ec76e5f31c76c8eb238c3d17bd3aba777b0,94b26671963fbab03d35d42ec8f6e4f31b987322eb54908e1b76ab750995ba4b,1,False
710,1,8,"2,3,4,5,6,7,8,9,10,11,12,13,14,15,16,17","0,1","2,3,4,5,6,7,8,9,10,11,12,13,14,16,17",15,15,1,"2,3,4,5,6,7,8,9,10,11,12,13,14,16,17",0,0,0,True,True,False,260215fdc4e0dab2428401e5cfa187657e50d82f4c49f525d3a6517999ae86be,fc443e0c7dc8d9a2b95f4a9ecd68df516244b9614ae58cd7a1548aff24414e11,1,False
710,1,9,"2,3,4,5,6,7,8,9,10,11,12,13,14,15,16,17","0,1","2,3,4,5,6,7,8,9,10,11,12,13,14,15,17",16,15,1,"2,3,4,5,6,7,8,9,10,11,12,13,14,15,17",0,0,0,True,True,False,79d39d884f86b24afa7e45c3dd7c9ac3f145be6379aa038c595ccabd6658aeb8,e51a375f68065a13505a34e20ba20ae72611b8ed6e41cf23df0eade6c8b38c74,2,True
710,1,10,"2,3,4,5,6,7,8,9,10,11,12,13,14,15,16,17","0,1","2,3,4,5,6,7,8,9,10,11,12,13,14,15,16",17,15,1,"2,3,4,5,6,7,8,9,10,11,12,13,14,15,16",0,0,0,True,True,False,962e941bcb57d61045e5f3efb261751123091260adb21adba718b062116d2ef6,be1a80867a57034e2fcadad265036ef4a2013946fc994d7fa8acc290b8aade9b,2,True
710,2,1,"0,1,4,5,6,7,8,9,10,11,12,13,14,15,16,17","2,3","4,5,6,7,8,9,10,11,12,13,14,15,16,17","0,1",14,2,"4,5,6,7,8,9,10,11,12,13,14,15,16,17",0,0,0,True,True,False,93ab9cfba19e78cf83a6f83f23ef5bbb6eef58fac24ef2a6ae2a06a8d07a88b7,9e4f3af95b4ce5c550d670d8a463eb4979b9cc07c3695c05219260943d71f346,2,True
710,2,2,"0,1,4,5,6,7,8,9,10,11,12,13,14,15,16,17","2,3","0,1,6,7,8,9,10,11,12,13,14,15,16,17","4,5",14,2,"0,1,6,7,8,9,10,11,12,13,14,15,16,17",0,0,0,True,True,False,484c02fac23b960bb136678cec5051974a9a3a9809ad18f368691d487c86085a,acd18459a71ff6941f79175b22d63b83aa2ed2b4ca966b327ad62374e1fc7292,2,True
710,2,3,"0,1,4,5,6,7,8,9,10,11,12,13,14,15,16,17","2,3","0,1,4,5,8,9,10,11,12,13,14,15,16,17","6,7",14,2,"0,1,4,5,8,9,10,11,12,13,14,15,16,17",0,0,0,True,True,False,830e9e9780efd2ae3e5a3416c2f07a558180cdb971d1ff4a2941f3da4c2b974f,f0d384f64d57773abc11b6af77d58ea3380991b0808907937b3444689558a5b7,2,True
710,2,4,"0,1,4,5,6,7,8,9,10,11,12,13,14,15,16,17","2,3","0,1,4,5,6,7,10,11,12,13,14,15,16,17","8,9",14,2,"0,1,4,5,6,7,10,11,12,13,14,15,16,17",0,0,0,True,True,False,1e87dfd0552802c3adc16de9b7d3e988091746edd509ae78ce9e960ea9b1393a,6dfc38f22a93eecd6ae0b4827adc179da0f6125d1b13c482592de27cc6c370d3,2,True
710,2,5,"0,1,4,5,6,7,8,9,10,11,12,13,14,15,16,17","2,3","0,1,4,5,6,7,8,9,12,13,14,15,16,17","10,11",14,2,"0,1,4,5,6,7,8,9,12,13,14,15,16,17",0,0,0,True,True,False,7cf50986de362bc0a68cffab60c6a67955cf3aaa0e2525a8ac507eaf3d12ac74,4a4f683142d50fda21f53a3d757f326b44d8f2fd21070f2808f6d09bee879274,2,True
710,2,6,"0,1,4,5,6,7,8,9,10,11,12,13,14,15,16,17","2,3","0,1,4,5,6,7,8,9,10,11,14,15,16,17","12,13",14,2,"0,1,4,5,6,7,8,9,10,11,14,15,16,17",0,0,0,True,True,False,4133221a83c9fd2192d2bd2d54fc76eb60c408733f029fdc1f9221f450f4971f,3b9a63f33585a3a63d39ad89ad91711d8bac92a8b5784a622735333ec8dec54b,2,True
710,2,7,"0,1,4,5,6,7,8,9,10,11,12,13,14,15,16,17","2,3","0,1,4,5,6,7,8,9,10,11,12,13,15,16,17",14,15,1,"0,1,4,5,6,7,8,9,10,11,12,13,15,16,17",0,0,0,True,True,False,f2ef1554296ed08ef631014b0b828f2d62c85029cca1e2f1a7e556e8ca01c5f9,c6a65698b0c2775b51b3e39d79acd27e36cf33eecf6ee25d5fed709720fdaebf,1,False
710,2,8,"0,1,4,5,6,7,8,9,10,11,12,13,14,15,16,17","2,3","0,1,4,5,6,7,8,9,10,11,12,13,14,16,17",15,15,1,"0,1,4,5,6,7,8,9,10,11,12,13,14,16,17",0,0,0,True,True,False,ddb22923503a1503613f7bc3046a606e96c1f81d3d5b92db067ba2ba4fff9c8e,15b520b74b3e4d6be4e5e11eeb5a11c2f94812a59dc4ba5aa7c1bd1b04b2adeb,1,False
710,2,9,"0,1,4,5,6,7,8,9,10,11,12,13,14,15,16,17","2,3","0,1,4,5,6,7,8,9,10,11,12,13,14,15,17",16,15,1,"0,1,4,5,6,7,8,9,10,11,12,13,14,15,17",0,0,0,True,True,False,8cff88760d36eb96fb9399a42929965bdc1b0a58ca73f05a62f5738fc12cb318,c375a889442797bc9bc091c3c24918aeb9db85cd17a405ad3b86e1be1e6b8d88,2,True
710,2,10,"0,1,4,5,6,7,8,9,10,11,12,13,14,15,16,17","2,3","0,1,4,5,6,7,8,9,10,11,12,13,14,15,16",17,15,1,"0,1,4,5,6,7,8,9,10,11,12,13,14,15,16",0,0,0,True,True,False,a70ad8aca96487de67763661f07387f2d88685503b5efaea6cecbea2821ada21,fd08436d5d6b41bd007d8b94cb1df863dc07d252e5965df85f1612f7c10fb7f5,2,True
710,3,1,"0,1,2,3,6,7,8,9,10,11,12,13,14,15,16,17","4,5","2,3,6,7,8,9,10,11,12,13,14,15,16,17","0,1",14,2,"2,3,6,7,8,9,10,11,12,13,14,15,16,17",0,0,0,True,True,False,5746ac14e94de07261d17228fb9963e2c1c6a6629516cbe35518e6ab37f02953,7fbbd670fb64e9cd5fa3927f605adbf3576b0850c8d4a78a712b504e47326677,2,True
710,3,2,"0,1,2,3,6,7,8,9,10,11,12,13,14,15,16,17","4,5","0,1,6,7,8,9,10,11,12,13,14,15,16,17","2,3",14,2,"0,1,6,7,8,9,10,11,12,13,14,15,16,17",0,0,0,True,True,False,484c02fac23b960bb136678cec5051974a9a3a9809ad18f368691d487c86085a,d232c04be59026589b4a883a4759f1d403cb12baa5557fabaed7356842b5c4f6,2,True
710,3,3,"0,1,2,3,6,7,8,9,10,11,12,13,14,15,16,17","4,5","0,1,2,3,8,9,10,11,12,13,14,15,16,17","6,7",14,2,"0,1,2,3,8,9,10,11,12,13,14,15,16,17",0,0,0,True,True,False,f3e44438670bd26a59f0079024e388b9fb8fa3bb34531c3f722aec6ff5029071,c33183838d68d8e1576150fb3e28d31554a9953213f23e4bac87befb24d2d8c1,2,True
710,3,4,"0,1,2,3,6,7,8,9,10,11,12,13,14,15,16,17","4,5","0,1,2,3,6,7,10,11,12,13,14,15,16,17","8,9",14,2,"0,1,2,3,6,7,10,11,12,13,14,15,16,17",0,0,0,True,True,False,49a224d6d69d00b499d367924690b526bb5b3530f86549bee959f99f3054bc06,c04d8eace866f2469d28de58fe6942d1aff4e51a0f519f6b6666c1ff59033d21,2,True
710,3,5,"0,1,2,3,6,7,8,9,10,11,12,13,14,15,16,17","4,5","0,1,2,3,6,7,8,9,12,13,14,15,16,17","10,11",14,2,"0,1,2,3,6,7,8,9,12,13,14,15,16,17",0,0,0,True,True,False,facb0ab10274be45edbfa1e3815f7afe6de72670a985a310fd98c37ef0d3ac1e,9967635dfe687606492566b6191063bcc22b6b5b03df3c07d92d95ec05c6d803,2,True
710,3,6,"0,1,2,3,6,7,8,9,10,11,12,13,14,15,16,17","4,5","0,1,2,3,6,7,8,9,10,11,14,15,16,17","12,13",14,2,"0,1,2,3,6,7,8,9,10,11,14,15,16,17",0,0,0,True,True,False,bbc3c2035609c33472aea8e017f34b01447ba87264f64b1971f5982dae40d0f2,127065563298e3d1ae66d0c7f769bf45860dedb834ce6a46e942b9d6b230d98c,2,True
710,3,7,"0,1,2,3,6,7,8,9,10,11,12,13,14,15,16,17","4,5","0,1,2,3,6,7,8,9,10,11,12,13,15,16,17",14,15,1,"0,1,2,3,6,7,8,9,10,11,12,13,15,16,17",0,0,0,True,True,False,0ecd1e9adf400e2dcfd5a8bd9a0b72ff7f644a49ae143ad0de46d245d578c4e7,cbb4a1566da9d387bb6ebb907c1bbc1d3e9e2508ec15784f24b450152e93d13c,1,False
710,3,8,"0,1,2,3,6,7,8,9,10,11,12,13,14,15,16,17","4,5","0,1,2,3,6,7,8,9,10,11,12,13,14,16,17",15,15,1,"0,1,2,3,6,7,8,9,10,11,12,13,14,16,17",0,0,0,True,True,False,6ab39a900705ea9ffd35cd4113aeed19bd254177d4a497c89368126fbde1e190,decafe4d29f2d8984cdc291fb5ed9da6c3d3327725f2cefc445698663681a7ed,1,False
710,3,9,"0,1,2,3,6,7,8,9,10,11,12,13,14,15,16,17","4,5","0,1,2,3,6,7,8,9,10,11,12,13,14,15,17",16,15,1,"0,1,2,3,6,7,8,9,10,11,12,13,14,15,17",0,0,0,True,True,False,084fe56aa9f8e1057920c4fd8050b6c38833ecae192459735de2a1f8b4ab7e54,1235cc109787f571fc682af296adac8f5a4b8440c685dda13df547f10a7d04d4,2,True
710,3,10,"0,1,2,3,6,7,8,9,10,11,12,13,14,15,16,17","4,5","0,1,2,3,6,7,8,9,10,11,12,13,14,15,16",17,15,1,"0,1,2,3,6,7,8,9,10,11,12,13,14,15,16",0,0,0,True,True,False,2c65211c005edc6b40aeb504c6a1f2f368558cd04bc888dd87636965bb45237e,beb167eefbe84e43d8c9bab3f4af113a6101e3a95818c79f540dc9445565298e,2,True
710,4,1,"0,1,2,3,4,5,8,9,10,11,12,13,14,15,16,17","6,7","2,3,4,5,8,9,10,11,12,13,14,15,16,17","0,1",14,2,"2,3,4,5,8,9,10,11,12,13,14,15,16,17",0,0,0,True,True,False,5956657c25f8c7fec0a430c5924fa3cbaf13f8d024aa84e515e1382b95f9f5a8,a39942737df64413e5cf6c3b6823d4750405eba2c3f5628d643e1a8d9182f251,2,True
710,4,2,"0,1,2,3,4,5,8,9,10,11,12,13,14,15,16,17","6,7","0,1,4,5,8,9,10,11,12,13,14,15,16,17","2,3",14,2,"0,1,4,5,8,9,10,11,12,13,14,15,16,17",0,0,0,True,True,False,830e9e9780efd2ae3e5a3416c2f07a558180cdb971d1ff4a2941f3da4c2b974f,3d02319f449f50dec811082845cebf9fd5e7c64c9cc3a2a44fc2679f0a953a54,2,True
710,4,3,"0,1,2,3,4,5,8,9,10,11,12,13,14,15,16,17","6,7","0,1,2,3,8,9,10,11,12,13,14,15,16,17","4,5",14,2,"0,1,2,3,8,9,10,11,12,13,14,15,16,17",0,0,0,True,True,False,f3e44438670bd26a59f0079024e388b9fb8fa3bb34531c3f722aec6ff5029071,8c92aa7d33452d4b88a3fc4f41bd992e45be1173e1046ed189c9ba2af20253ea,2,True
710,4,4,"0,1,2,3,4,5,8,9,10,11,12,13,14,15,16,17","6,7","0,1,2,3,4,5,10,11,12,13,14,15,16,17","8,9",14,2,"0,1,2,3,4,5,10,11,12,13,14,15,16,17",0,0,0,True,True,False,08098829aeb28e8609e5ad0e7a9c773a632b6ac430752c26fb577c3a4e1e8549,e7a57b0e9f1523ff3c8cc33fdb5ac7b12d41b839686a7077f97811c35bf2032f,2,True
710,4,5,"0,1,2,3,4,5,8,9,10,11,12,13,14,15,16,17","6,7","0,1,2,3,4,5,8,9,12,13,14,15,16,17","10,11",14,2,"0,1,2,3,4,5,8,9,12,13,14,15,16,17",0,0,0,True,True,False,e16dfe752cbec0b19b4859de320a6d15f241a38b42370d35d4ee565089fe9b68,7bf9475968e753531402187eb3897d33235bd6a882435e9ebe76198463f67e73,2,True
710,4,6,"0,1,2,3,4,5,8,9,10,11,12,13,14,15,16,17","6,7","0,1,2,3,4,5,8,9,10,11,14,15,16,17","12,13",14,2,"0,1,2,3,4,5,8,9,10,11,14,15,16,17",0,0,0,True,True,False,446e219f99331c86e6aa1b9289e44c5de3668c443026bbb220ebfee112f9c70f,bba2ef7c70be09266204e3ccac9a217477bcba3817506b01b03558553ba7a919,2,True
710,4,7,"0,1,2,3,4,5,8,9,10,11,12,13,14,15,16,17","6,7","0,1,2,3,4,5,8,9,10,11,12,13,15,16,17",14,15,1,"0,1,2,3,4,5,8,9,10,11,12,13,15,16,17",0,0,0,True,True,False,47e6359d776b14a2859646ef7cb592e1666711966e6cbdfc3d2b4219d09b26f8,502757934f0da66d8b3bd220e63b80d82d9d746cf189735cb163333e68cb2957,1,False
710,4,8,"0,1,2,3,4,5,8,9,10,11,12,13,14,15,16,17","6,7","0,1,2,3,4,5,8,9,10,11,12,13,14,16,17",15,15,1,"0,1,2,3,4,5,8,9,10,11,12,13,14,16,17",0,0,0,True,True,False,57490efd9230938e1dc2b53f54604ea20c30011da2a681a2a151027c7f793c1b,216bf53e895d5e11c1fcac0b92523471b4b856dd6a12346a0193434ab30075e5,1,False
710,4,9,"0,1,2,3,4,5,8,9,10,11,12,13,14,15,16,17","6,7","0,1,2,3,4,5,8,9,10,11,12,13,14,15,17",16,15,1,"0,1,2,3,4,5,8,9,10,11,12,13,14,15,17",0,0,0,True,True,False,950aa579b2a308de05496a1d025505d4a369581f512458b70b67fadacdec231f,887b3b1f97a1dab7aeb5344842df9aeeca2894350079bfe274c8bd8b27d36600,2,True
710,4,10,"0,1,2,3,4,5,8,9,10,11,12,13,14,15,16,17","6,7","0,1,2,3,4,5,8,9,10,11,12,13,14,15,16",17,15,1,"0,1,2,3,4,5,8,9,10,11,12,13,14,15,16",0,0,0,True,True,False,1dc9cc9e3b24c94ccb78890c94cf6bd3712f6acdf1afd24815edcd069c2f8595,840970aec61065e066426e7f68977e4534a4f18530789a8f230aae452c0bfec3,2,True
710,5,1,"0,1,2,3,4,5,6,7,10,11,12,13,14,15,16,17","8,9","2,3,4,5,6,7,10,11,12,13,14,15,16,17","0,1",14,2,"2,3,4,5,6,7,10,11,12,13,14,15,16,17",0,0,0,True,True,False,9fa3eeda101067c3f1e5d36d924c952f04511e09e8b94d6fe29904e17dc63a6a,ab5d169bebd30f4d620bc4642c946166b735fdb185ee9ea202e20ac29444a854,2,True
710,5,2,"0,1,2,3,4,5,6,7,10,11,12,13,14,15,16,17","8,9","0,1,4,5,6,7,10,11,12,13,14,15,16,17","2,3",14,2,"0,1,4,5,6,7,10,11,12,13,14,15,16,17",0,0,0,True,True,False,1e87dfd0552802c3adc16de9b7d3e988091746edd509ae78ce9e960ea9b1393a,6ad811fd95c98936594f36487b8b7eef0a9e4bcfc2632d53bf27e30f5b9c531e,2,True
710,5,3,"0,1,2,3,4,5,6,7,10,11,12,13,14,15,16,17","8,9","0,1,2,3,6,7,10,11,12,13,14,15,16,17","4,5",14,2,"0,1,2,3,6,7,10,11,12,13,14,15,16,17",0,0,0,True,True,False,49a224d6d69d00b499d367924690b526bb5b3530f86549bee959f99f3054bc06,df7246be93047d86da788ebc66b3b74eac8caf7c49b7e2eca4a70b9d141cde77,2,True
710,5,4,"0,1,2,3,4,5,6,7,10,11,12,13,14,15,16,17","8,9","0,1,2,3,4,5,10,11,12,13,14,15,16,17","6,7",14,2,"0,1,2,3,4,5,10,11,12,13,14,15,16,17",0,0,0,True,True,False,08098829aeb28e8609e5ad0e7a9c773a632b6ac430752c26fb577c3a4e1e8549,35f0d2dea3d9c6830c98c9a2c0848f853baa1e55bf023759c0f5bf1fb37c2ff2,2,True
710,5,5,"0,1,2,3,4,5,6,7,10,11,12,13,14,15,16,17","8,9","0,1,2,3,4,5,6,7,12,13,14,15,16,17","10,11",14,2,"0,1,2,3,4,5,6,7,12,13,14,15,16,17",0,0,0,True,True,False,907f69b7e7b06fce70a0448418bb2100fd7f3d912dc52e0a7ef01d90ac4ec2d4,a3ed5e4d0aebc108f66f140527555b9b0a6e8655a7f0877a866ed2f4e71dd8d2,2,True
710,5,6,"0,1,2,3,4,5,6,7,10,11,12,13,14,15,16,17","8,9","0,1,2,3,4,5,6,7,10,11,14,15,16,17","12,13",14,2,"0,1,2,3,4,5,6,7,10,11,14,15,16,17",0,0,0,True,True,False,b2a5473b443c702678467c5c31c89faca3a7fa23bbf00d636e921df19d2c9c18,2db84a4f2353c6bd34ac223c991ba90214c3b636c04cdef9fdc2f9ddfe357178,2,True
710,5,7,"0,1,2,3,4,5,6,7,10,11,12,13,14,15,16,17","8,9","0,1,2,3,4,5,6,7,10,11,12,13,15,16,17",14,15,1,"0,1,2,3,4,5,6,7,10,11,12,13,15,16,17",0,0,0,True,True,False,96420bd92f166b3eb873d893fe3837cbba5be1d1c5646e50d9e1269e3c7075fc,4c75090f82a82a51c33a4b21aaac4fd90b1c564b788f045e0d728394b01762db,1,False
710,5,8,"0,1,2,3,4,5,6,7,10,11,12,13,14,15,16,17","8,9","0,1,2,3,4,5,6,7,10,11,12,13,14,16,17",15,15,1,"0,1,2,3,4,5,6,7,10,11,12,13,14,16,17",0,0,0,True,True,False,4a1a9cd6bf47e144672d244b6789fbc709c10df6c74a46875d0297ac5e474cfa,47c482f1a4fb749b2d91ffefc191c7f339b45d3249921a0cf78ebfefb73ba23a,1,False
710,5,9,"0,1,2,3,4,5,6,7,10,11,12,13,14,15,16,17","8,9","0,1,2,3,4,5,6,7,10,11,12,13,14,15,17",16,15,1,"0,1,2,3,4,5,6,7,10,11,12,13,14,15,17",0,0,0,True,True,False,48f16b89f15c3335e90f0c170c61c63686aedb882543bea17d8147d6cc624d09,d3cd443c61646a5212b52c34f364744be69b2adf54985a301cabbc70daf86516,2,True
710,5,10,"0,1,2,3,4,5,6,7,10,11,12,13,14,15,16,17","8,9","0,1,2,3,4,5,6,7,10,11,12,13,14,15,16",17,15,1,"0,1,2,3,4,5,6,7,10,11,12,13,14,15,16",0,0,0,True,True,False,165567e648d8ea96f24fa015e35375cee6e311d1f20719269a0c4561a217d988,1dc2978cb17aa46793637074584f726a5d34c53779090a07dcf8008c91bab056,2,True
710,6,1,"0,1,2,3,4,5,6,7,8,9,12,13,14,15,16,17","10,11","2,3,4,5,6,7,8,9,12,13,14,15,16,17","0,1",14,2,"2,3,4,5,6,7,8,9,12,13,14,15,16,17",0,0,0,True,True,False,34600e9c9468d2f210f58b9a76831c1049bdf3700ffe5507d8c3b626755af4b8,9f6deb83684dfb68bced19a6e89b0a6a0a844c84a18cb90fe34494ef09540c30,2,True
710,6,2,"0,1,2,3,4,5,6,7,8,9,12,13,14,15,16,17","10,11","0,1,4,5,6,7,8,9,12,13,14,15,16,17","2,3",14,2,"0,1,4,5,6,7,8,9,12,13,14,15,16,17",0,0,0,True,True,False,7cf50986de362bc0a68cffab60c6a67955cf3aaa0e2525a8ac507eaf3d12ac74,09f1b38d61c32c2883daa0747d2ccb433ab2518ce8ef60334486e8854f550073,2,True
710,6,3,"0,1,2,3,4,5,6,7,8,9,12,13,14,15,16,17","10,11","0,1,2,3,6,7,8,9,12,13,14,15,16,17","4,5",14,2,"0,1,2,3,6,7,8,9,12,13,14,15,16,17",0,0,0,True,True,False,facb0ab10274be45edbfa1e3815f7afe6de72670a985a310fd98c37ef0d3ac1e,aac75412e68cbc9b4e88f2846ba1cb87e55381f91a2c83727797e28d57ff8747,2,True
710,6,4,"0,1,2,3,4,5,6,7,8,9,12,13,14,15,16,17","10,11","0,1,2,3,4,5,8,9,12,13,14,15,16,17","6,7",14,2,"0,1,2,3,4,5,8,9,12,13,14,15,16,17",0,0,0,True,True,False,e16dfe752cbec0b19b4859de320a6d15f241a38b42370d35d4ee565089fe9b68,affa751a8c2a696f59d562723b2fd35c47ab77583a49c76465c3d69685a8d68b,2,True
710,6,5,"0,1,2,3,4,5,6,7,8,9,12,13,14,15,16,17","10,11","0,1,2,3,4,5,6,7,12,13,14,15,16,17","8,9",14,2,"0,1,2,3,4,5,6,7,12,13,14,15,16,17",0,0,0,True,True,False,907f69b7e7b06fce70a0448418bb2100fd7f3d912dc52e0a7ef01d90ac4ec2d4,71da2def86d95f926c2258acccf3cfd9773681fb541e77f32db0a17132aba071,2,True
710,6,6,"0,1,2,3,4,5,6,7,8,9,12,13,14,15,16,17","10,11","0,1,2,3,4,5,6,7,8,9,14,15,16,17","12,13",14,2,"0,1,2,3,4,5,6,7,8,9,14,15,16,17",0,0,0,True,True,False,23faa7432bddf1a88a545abb5f6a76172322345f636adc2a2657edc3f7c23540,b046babab2bfdcb9e6109aeb692b5aa7cb4c9172cb1dbac59d2dd0105b76ed96,2,True
710,6,7,"0,1,2,3,4,5,6,7,8,9,12,13,14,15,16,17","10,11","0,1,2,3,4,5,6,7,8,9,12,13,15,16,17",14,15,1,"0,1,2,3,4,5,6,7,8,9,12,13,15,16,17",0,0,0,True,True,False,187cdc96df8fae2b45b2fbc4c33e7cfb99413c224c402414b1a9c75c0a86fff8,f638568b755d8397e82b67d47139b0f02efce06aea4cf7c3760b11bf1b34d038,1,False
710,6,8,"0,1,2,3,4,5,6,7,8,9,12,13,14,15,16,17","10,11","0,1,2,3,4,5,6,7,8,9,12,13,14,16,17",15,15,1,"0,1,2,3,4,5,6,7,8,9,12,13,14,16,17",0,0,0,True,True,False,190ea95731ac2264c402d51de9b582addbcb8ce49033381fd1c928d756208065,1580b140ee60009a30080f9ef577a84db94d1503b62b5b8ae4e6f853c372c73c,1,False
710,6,9,"0,1,2,3,4,5,6,7,8,9,12,13,14,15,16,17","10,11","0,1,2,3,4,5,6,7,8,9,12,13,14,15,17",16,15,1,"0,1,2,3,4,5,6,7,8,9,12,13,14,15,17",0,0,0,True,True,False,02599dad74e15d7a70c42a97355c7aff5d2d8ae29e817ec6fadd1c8748fbf688,8c0dd107dfa657258c66c27a6bcd6265ee947493cb5fde0e23073a3d29344979,2,True
710,6,10,"0,1,2,3,4,5,6,7,8,9,12,13,14,15,16,17","10,11","0,1,2,3,4,5,6,7,8,9,12,13,14,15,16",17,15,1,"0,1,2,3,4,5,6,7,8,9,12,13,14,15,16",0,0,0,True,True,False,9d7d6034c6e34df5ebcd993d17b3c34e7bdf53d59fa9bf46987a483da6c0727e,7822f4d0bf26322f927f2ff6ea709facfca9b49ac6f9bc0695a3972d911c7fd4,2,True
710,7,1,"0,1,2,3,4,5,6,7,8,9,10,11,14,15,16,17","12,13","2,3,4,5,6,7,8,9,10,11,14,15,16,17","0,1",14,2,"2,3,4,5,6,7,8,9,10,11,14,15,16,17",0,0,0,True,True,False,b8836c85f8b3d1e5b531253ecc5a52ffd44938978f3a2286055ab526f1221c5f,f9259a76c415428c8852ab82556e9d0044457f77623a930fe188b15093638a50,2,True
710,7,2,"0,1,2,3,4,5,6,7,8,9,10,11,14,15,16,17","12,13","0,1,4,5,6,7,8,9,10,11,14,15,16,17","2,3",14,2,"0,1,4,5,6,7,8,9,10,11,14,15,16,17",0,0,0,True,True,False,4133221a83c9fd2192d2bd2d54fc76eb60c408733f029fdc1f9221f450f4971f,e6d1e8056c5e528f41801ba123c44e1d38fee02dea9f656b55adaf0b1dacd365,2,True
710,7,3,"0,1,2,3,4,5,6,7,8,9,10,11,14,15,16,17","12,13","0,1,2,3,6,7,8,9,10,11,14,15,16,17","4,5",14,2,"0,1,2,3,6,7,8,9,10,11,14,15,16,17",0,0,0,True,True,False,bbc3c2035609c33472aea8e017f34b01447ba87264f64b1971f5982dae40d0f2,47c71c59074e2cbac0517cffec200473591d41ef0062fbed13edaa9abf38c2ba,2,True
710,7,4,"0,1,2,3,4,5,6,7,8,9,10,11,14,15,16,17","12,13","0,1,2,3,4,5,8,9,10,11,14,15,16,17","6,7",14,2,"0,1,2,3,4,5,8,9,10,11,14,15,16,17",0,0,0,True,True,False,446e219f99331c86e6aa1b9289e44c5de3668c443026bbb220ebfee112f9c70f,7940428afed6694bbb15c6f8bd6936d85774cd4eec9c963868d8c10cd08c12f9,2,True
710,7,5,"0,1,2,3,4,5,6,7,8,9,10,11,14,15,16,17","12,13","0,1,2,3,4,5,6,7,10,11,14,15,16,17","8,9",14,2,"0,1,2,3,4,5,6,7,10,11,14,15,16,17",0,0,0,True,True,False,b2a5473b443c702678467c5c31c89faca3a7fa23bbf00d636e921df19d2c9c18,4fb867d0906c7824b08d27fb1950236fd17f860bce9f1b9566f57f0f0c4f4989,2,True
710,7,6,"0,1,2,3,4,5,6,7,8,9,10,11,14,15,16,17","12,13","0,1,2,3,4,5,6,7,8,9,14,15,16,17","10,11",14,2,"0,1,2,3,4,5,6,7,8,9,14,15,16,17",0,0,0,True,True,False,23faa7432bddf1a88a545abb5f6a76172322345f636adc2a2657edc3f7c23540,68713fe0155cad9bf3c51a0c3e3d48e1f0fae360cb25ba9acf5e5518ef23cd8c,2,True
710,7,7,"0,1,2,3,4,5,6,7,8,9,10,11,14,15,16,17","12,13","0,1,2,3,4,5,6,7,8,9,10,11,15,16,17",14,15,1,"0,1,2,3,4,5,6,7,8,9,10,11,15,16,17",0,0,0,True,True,False,dcfb44c11b16ee1a6e291360f284d7a78131c592454555727b7541b96f201399,f664282a1e5940479803e9a9c2d13679fa67dc8c069e5cd211248f3644b9c368,1,False
710,7,8,"0,1,2,3,4,5,6,7,8,9,10,11,14,15,16,17","12,13","0,1,2,3,4,5,6,7,8,9,10,11,14,16,17",15,15,1,"0,1,2,3,4,5,6,7,8,9,10,11,14,16,17",0,0,0,True,True,False,4213f46e5c982105bd5c912183530dc5854a1ec90d016aad635b90e0164269d7,6cb06f027a5a098fbae24638240eadf46818a4d0632e309526cdf6d592db09ef,1,False
710,7,9,"0,1,2,3,4,5,6,7,8,9,10,11,14,15,16,17","12,13","0,1,2,3,4,5,6,7,8,9,10,11,14,15,17",16,15,1,"0,1,2,3,4,5,6,7,8,9,10,11,14,15,17",0,0,0,True,True,False,21dcf636a87430714c5c4df25ac81217eced09b401b7d1313a19fb06770971b7,9ba4a3bace56f712bd413a187cf57a4064082697546f982e0f5fe9245f17edee,2,True
710,7,10,"0,1,2,3,4,5,6,7,8,9,10,11,14,15,16,17","12,13","0,1,2,3,4,5,6,7,8,9,10,11,14,15,16",17,15,1,"0,1,2,3,4,5,6,7,8,9,10,11,14,15,16",0,0,0,True,True,False,ab5286c6d05ad9c1a6fa0c3eae7220b0c8c59ad2797abbef65611cbd35047c22,905e1e9fc8df445f5787a435f5d9397be2a3b50fc0ba676f2da1fe83c585a103,2,True
710,8,1,"0,1,2,3,4,5,6,7,8,9,10,11,12,13,16,17","14,15","2,3,4,5,6,7,8,9,10,11,12,13,16,17","0,1",14,2,"2,3,4,5,6,7,8,9,10,11,12,13,16,17",0,0,0,True,True,False,16bb5ebf8d733b48505422b8170771359663741e2dd217dc59dce96a9b361a0d,097ef07d6e0841522dc2f5859c7069cba6adea567e0bd2edc62e20a2776e6ef3,1,False
710,8,2,"0,1,2,3,4,5,6,7,8,9,10,11,12,13,16,17","14,15","0,1,4,5,6,7,8,9,10,11,12,13,16,17","2,3",14,2,"0,1,4,5,6,7,8,9,10,11,12,13,16,17",0,0,0,True,True,False,c288e7c42bca874cddc47400a021e583b339bd427dfb85b1173b2d2614d95a16,5144c06456926db93be4be51909e07161705bc395c95ae2cfcf9759d0e47e4fb,1,False
710,8,3,"0,1,2,3,4,5,6,7,8,9,10,11,12,13,16,17","14,15","0,1,2,3,6,7,8,9,10,11,12,13,16,17","4,5",14,2,"0,1,2,3,6,7,8,9,10,11,12,13,16,17",0,0,0,True,True,False,fe0008d88ba3533d1078550368efae6bc666f6396908a5149d569e07e402d509,5455e0b10f7030b4dc2e205e1f33b5d52837b1a6f5b3b7e53b07aca04f62ac8f,1,False
710,8,4,"0,1,2,3,4,5,6,7,8,9,10,11,12,13,16,17","14,15","0,1,2,3,4,5,8,9,10,11,12,13,16,17","6,7",14,2,"0,1,2,3,4,5,8,9,10,11,12,13,16,17",0,0,0,True,True,False,1224917c6ccccc55b61c2f9d9d045c06cde39536c8fbc9c023994109f6f13eaa,273c673a4856bf02373e4383e3232cfd516d87fc994cdcd10aeefa8d43fde5f4,1,False
710,8,5,"0,1,2,3,4,5,6,7,8,9,10,11,12,13,16,17","14,15","0,1,2,3,4,5,6,7,10,11,12,13,16,17","8,9",14,2,"0,1,2,3,4,5,6,7,10,11,12,13,16,17",0,0,0,True,True,False,a55e7c07508cac31eb85e9a979670a9682a528e0136c0d382fa995f9bab26280,c502b2f011dd9ef66b85f2c55353076c3243e686a08904377e07fee6adc4eb99,1,False
710,8,6,"0,1,2,3,4,5,6,7,8,9,10,11,12,13,16,17","14,15","0,1,2,3,4,5,6,7,8,9,12,13,16,17","10,11",14,2,"0,1,2,3,4,5,6,7,8,9,12,13,16,17",0,0,0,True,True,False,54b7c5cdaa50c3fa6c6cb9a225599effa1182aafab8d640fccde0a748810e80e,856764fc554c597af0f8803750223fbedeba1be05c44044e0f1ac82c0bb081e1,1,False
710,8,7,"0,1,2,3,4,5,6,7,8,9,10,11,12,13,16,17","14,15","0,1,2,3,4,5,6,7,8,9,10,11,13,16,17",12,15,1,"0,1,2,3,4,5,6,7,8,9,10,11,13,16,17",0,0,0,True,True,False,886141932abf5f21962060b7ee4e958c77480cd3be23428cbb40fe60750228c6,2902ca205d9684c1d49b810bf7a3a4f100e33c2c288dd78c4b1cb6e0eeb32dcf,1,False
710,8,8,"0,1,2,3,4,5,6,7,8,9,10,11,12,13,16,17","14,15","0,1,2,3,4,5,6,7,8,9,10,11,12,16,17",13,15,1,"0,1,2,3,4,5,6,7,8,9,10,11,12,16,17",0,0,0,True,True,False,a08102dfe70b3cc620c3d7cc83b78dd70cb73ec14d3553f0bca223c4bf2a0849,ece76b5eb009961dd6c7b141c59c0204a9cc3766a57ba2c92eee7f2b35f58c80,1,False
710,8,9,"0,1,2,3,4,5,6,7,8,9,10,11,12,13,16,17","14,15","0,1,2,3,4,5,6,7,8,9,10,11,12,13,17",16,15,1,"0,1,2,3,4,5,6,7,8,9,10,11,12,13,17",0,0,0,True,True,False,5a1eaf8adea8065c7b50f8e68ccb5fabec5504f058d861ce55be1bdb1ff1f746,7913d8232f3699d4f86f59756883d6ef5f9de1b4a28a83bf658c57fb59cf7591,1,False
710,8,10,"0,1,2,3,4,5,6,7,8,9,10,11,12,13,16,17","14,15","0,1,2,3,4,5,6,7,8,9,10,11,12,13,16",17,15,1,"0,1,2,3,4,5,6,7,8,9,10,11,12,13,16",0,0,0,True,True,False,6029836ad59c84baf4d70d28985f2631dc28d4c9569ff14ba21e18febdf75538,4cde6d295f2ff12afdc91fe859a73ae6cca65a51becd6472d97107f6f5b64886,1,False
710,9,1,"0,1,2,3,4,5,6,7,8,9,10,11,12,13,14,15,17",16,"2,3,4,5,6,7,8,9,10,11,12,13,14,15,17","0,1",15,2,"2,3,4,5,6,7,8,9,10,11,12,13,14,15,17",0,0,0,True,True,False,79d39d884f86b24afa7e45c3dd7c9ac3f145be6379aa038c595ccabd6658aeb8,d439e20afd3f9b915f76e1e8c25b725316631aacd6e429e2f6a6f39673ef2016,2,True
710,9,2,"0,1,2,3,4,5,6,7,8,9,10,11,12,13,14,15,17",16,"0,1,4,5,6,7,8,9,10,11,12,13,14,15,17","2,3",15,2,"0,1,4,5,6,7,8,9,10,11,12,13,14,15,17",0,0,0,True,True,False,8cff88760d36eb96fb9399a42929965bdc1b0a58ca73f05a62f5738fc12cb318,b0fb03dc727295e069d8b0979bd73fca09abbdad624faa05b4e8e2b73b20daf1,2,True
710,9,3,"0,1,2,3,4,5,6,7,8,9,10,11,12,13,14,15,17",16,"0,1,2,3,6,7,8,9,10,11,12,13,14,15,17","4,5",15,2,"0,1,2,3,6,7,8,9,10,11,12,13,14,15,17",0,0,0,True,True,False,084fe56aa9f8e1057920c4fd8050b6c38833ecae192459735de2a1f8b4ab7e54,fd8c7ca8f6c641847c4ed0336100c755304fe97b92f3db74a2c157d3f5913936,2,True
710,9,4,"0,1,2,3,4,5,6,7,8,9,10,11,12,13,14,15,17",16,"0,1,2,3,4,5,8,9,10,11,12,13,14,15,17","6,7",15,2,"0,1,2,3,4,5,8,9,10,11,12,13,14,15,17",0,0,0,True,True,False,950aa579b2a308de05496a1d025505d4a369581f512458b70b67fadacdec231f,71514f497ac516a7ce41e71993480c13a10a109622a4eb93b318cbea38222c5c,2,True
710,9,5,"0,1,2,3,4,5,6,7,8,9,10,11,12,13,14,15,17",16,"0,1,2,3,4,5,6,7,10,11,12,13,14,15,17","8,9",15,2,"0,1,2,3,4,5,6,7,10,11,12,13,14,15,17",0,0,0,True,True,False,48f16b89f15c3335e90f0c170c61c63686aedb882543bea17d8147d6cc624d09,66a667b50089b16c477d5c50eb55246f0ef93ff353d84e12803ee2ef1e752dae,2,True
710,9,6,"0,1,2,3,4,5,6,7,8,9,10,11,12,13,14,15,17",16,"0,1,2,3,4,5,6,7,8,9,12,13,14,15,17","10,11",15,2,"0,1,2,3,4,5,6,7,8,9,12,13,14,15,17",0,0,0,True,True,False,02599dad74e15d7a70c42a97355c7aff5d2d8ae29e817ec6fadd1c8748fbf688,d23a6b95579746944b5690d05f1f15d4c025d8f8755a8db8e9ad26c0f8a4e35a,2,True
710,9,7,"0,1,2,3,4,5,6,7,8,9,10,11,12,13,14,15,17",16,"0,1,2,3,4,5,6,7,8,9,10,11,14,15,17","12,13",15,2,"0,1,2,3,4,5,6,7,8,9,10,11,14,15,17",0,0,0,True,True,False,21dcf636a87430714c5c4df25ac81217eced09b401b7d1313a19fb06770971b7,ece41027860c545c3285ef675ab661e8cef6fd1015352159b9ef47303668f602,2,True
710,9,8,"0,1,2,3,4,5,6,7,8,9,10,11,12,13,14,15,17",16,"0,1,2,3,4,5,6,7,8,9,10,11,12,13,15,17",14,16,1,"0,1,2,3,4,5,6,7,8,9,10,11,12,13,15,17",0,0,0,True,True,False,d9bced47f0ae03432acd1f39a291e2d47fde10bf154a944957d0f1ad39ee4f27,dedd7b966ca2038b1aeac7e6666c26ace5043180b9a342236bd08c5a3090c2b4,1,False
710,9,9,"0,1,2,3,4,5,6,7,8,9,10,11,12,13,14,15,17",16,"0,1,2,3,4,5,6,7,8,9,10,11,12,13,14,17",15,16,1,"0,1,2,3,4,5,6,7,8,9,10,11,12,13,14,17",0,0,0,True,True,False,5c9c0370883e410e9ceab1dbb765d2b609612fc5de310128366959217fdabe0e,8958f14d23a38df037e39814e5564fe77e3393ff9cf442a8f520cd78a203e332,1,False
710,9,10,"0,1,2,3,4,5,6,7,8,9,10,11,12,13,14,15,17",16,"0,1,2,3,4,5,6,7,8,9,10,11,12,13,14,15",17,16,1,"0,1,2,3,4,5,6,7,8,9,10,11,12,13,14,15",0,0,0,True,True,False,2cbb9740e7061b10062479b19cc4ecf9c5f5fc8eef31603ef00336405703b0eb,6f5d2fb2efbbdb04dc4307fbce073a1489d4fd50b5663f384150d5cddfca03fc,2,True
710,10,1,"0,1,2,3,4,5,6,7,8,9,10,11,12,13,14,15,16",17,"2,3,4,5,6,7,8,9,10,11,12,13,14,15,16","0,1",15,2,"2,3,4,5,6,7,8,9,10,11,12,13,14,15,16",0,0,0,True,True,False,962e941bcb57d61045e5f3efb261751123091260adb21adba718b062116d2ef6,4a40c26b8da5661765830ab1be3056739728e4143fda28ad2e5c360e96b08342,2,True
710,10,2,"0,1,2,3,4,5,6,7,8,9,10,11,12,13,14,15,16",17,"0,1,4,5,6,7,8,9,10,11,12,13,14,15,16","2,3",15,2,"0,1,4,5,6,7,8,9,10,11,12,13,14,15,16",0,0,0,True,True,False,a70ad8aca96487de67763661f07387f2d88685503b5efaea6cecbea2821ada21,3a29865fb2b1f2f9c18c41cb0a3ed25eef385f5ae735889d3e01c3eab20261ed,2,True
710,10,3,"0,1,2,3,4,5,6,7,8,9,10,11,12,13,14,15,16",17,"0,1,2,3,6,7,8,9,10,11,12,13,14,15,16","4,5",15,2,"0,1,2,3,6,7,8,9,10,11,12,13,14,15,16",0,0,0,True,True,False,2c65211c005edc6b40aeb504c6a1f2f368558cd04bc888dd87636965bb45237e,aa802e1b6df0f87cedb13ab029f98aa55f8204523c7e447bc4c374bc6444bd3c,2,True
710,10,4,"0,1,2,3,4,5,6,7,8,9,10,11,12,13,14,15,16",17,"0,1,2,3,4,5,8,9,10,11,12,13,14,15,16","6,7",15,2,"0,1,2,3,4,5,8,9,10,11,12,13,14,15,16",0,0,0,True,True,False,1dc9cc9e3b24c94ccb78890c94cf6bd3712f6acdf1afd24815edcd069c2f8595,2f362f35249e8257dfddf0c6da3daac652350a22c5651f4ecaa5c256f9feebe6,2,True
710,10,5,"0,1,2,3,4,5,6,7,8,9,10,11,12,13,14,15,16",17,"0,1,2,3,4,5,6,7,10,11,12,13,14,15,16","8,9",15,2,"0,1,2,3,4,5,6,7,10,11,12,13,14,15,16",0,0,0,True,True,False,165567e648d8ea96f24fa015e35375cee6e311d1f20719269a0c4561a217d988,763db3fc3ead09851943a74f0a2674a8f9aae9b3630b5739da99874bebb455d2,2,True
710,10,6,"0,1,2,3,4,5,6,7,8,9,10,11,12,13,14,15,16",17,"0,1,2,3,4,5,6,7,8,9,12,13,14,15,16","10,11",15,2,"0,1,2,3,4,5,6,7,8,9,12,13,14,15,16",0,0,0,True,True,False,9d7d6034c6e34df5ebcd993d17b3c34e7bdf53d59fa9bf46987a483da6c0727e,31a76ed67559f9eecb7d02cb76abc6d9598b5036423300d178fcc72dc3fb749b,2,True
710,10,7,"0,1,2,3,4,5,6,7,8,9,10,11,12,13,14,15,16",17,"0,1,2,3,4,5,6,7,8,9,10,11,14,15,16","12,13",15,2,"0,1,2,3,4,5,6,7,8,9,10,11,14,15,16",0,0,0,True,True,False,ab5286c6d05ad9c1a6fa0c3eae7220b0c8c59ad2797abbef65611cbd35047c22,9d03fbb9d4298328def69e1630ed6c15107a392c911ffa35366f1035abb3d7c8,2,True
710,10,8,"0,1,2,3,4,5,6,7,8,9,10,11,12,13,14,15,16",17,"0,1,2,3,4,5,6,7,8,9,10,11,12,13,15,16",14,16,1,"0,1,2,3,4,5,6,7,8,9,10,11,12,13,15,16",0,0,0,True,True,False,698ce28717e52db55c13b62a0cc39355b63778d730f41239b89cb778c67fb07b,d8a92e9ae47c36d9de00246b7f84b8a419499b3a0168aeb2d21f5439137d9f5b,1,False
710,10,9,"0,1,2,3,4,5,6,7,8,9,10,11,12,13,14,15,16",17,"0,1,2,3,4,5,6,7,8,9,10,11,12,13,14,16",15,16,1,"0,1,2,3,4,5,6,7,8,9,10,11,12,13,14,16",0,0,0,True,True,False,13c5b6a1b759dbf18067d7325e93986cd4dae3e0914f4b24dd09d266a513ebef,2b8f55a92698198e24af6e27542b476c1b443019775028a24a6079a6d68b5b8a,1,False
710,10,10,"0,1,2,3,4,5,6,7,8,9,10,11,12,13,14,15,16",17,"0,1,2,3,4,5,6,7,8,9,10,11,12,13,14,15",16,16,1,"0,1,2,3,4,5,6,7,8,9,10,11,12,13,14,15",0,0,0,True,True,False,2cbb9740e7061b10062479b19cc4ecf9c5f5fc8eef31603ef00336405703b0eb,87257d0f9e61d7b797118066d02cf484f3338f616bb9b9cff6433fa84ed70e56,2,True
807,1,1,"2,3,4,5,6,7,8,9,10,11","0,1","3,4,5,6,7,8,9,10,11",2,9,1,"3,4,5,6,7,8,9,10,11",0,0,0,True,True,False,e70e3f4d807b6fde4c3e956bd64af0b30f19069d16a992c81a5d51b4c171156f,ac0ad235178c70e484f4aa13993d07993deb9bf574fe1f2ec75523ef37e70323,1,False
807,1,2,"2,3,4,5,6,7,8,9,10,11","0,1","2,4,5,6,7,8,9,10,11",3,9,1,"2,4,5,6,7,8,9,10,11",0,0,0,True,True,False,3a389e20cb5b399ea6336d6dfddd648155523117a363d50571888cb4c86d758b,e3564ac3a694b0ac901e0c0966401476e453d9d7d6ee27fd9b1588f6d31d4856,1,False
807,1,3,"2,3,4,5,6,7,8,9,10,11","0,1","2,3,5,6,7,8,9,10,11",4,9,1,"2,3,5,6,7,8,9,10,11",0,0,0,True,True,False,1c9988ff3c053e89a7b8ff9d361789a15e4f9ff498531a0193411e457556c981,aa150275336e5ebb88d86243152533c3d6dbd7ee3937554a66d1aa00e7aed6df,2,True
807,1,4,"2,3,4,5,6,7,8,9,10,11","0,1","2,3,4,6,7,8,9,10,11",5,9,1,"2,3,4,6,7,8,9,10,11",0,0,0,True,True,False,1e75ae2c55c15d43ae3937f460935dd5284dd429f16e4734e4b088f2a512526e,fb0503ecb242ce4a845a2510e4fca37daaeb6d3f987f1bdb868c5ec544953e38,2,True
807,1,5,"2,3,4,5,6,7,8,9,10,11","0,1","2,3,4,5,7,8,9,10,11",6,9,1,"2,3,4,5,7,8,9,10,11",0,0,0,True,True,False,1269f3aca17e7e8627adf947d3a3d400ca23cb89c83674fe36082eb0d6057fd6,073bd5042b52d1d80962ddf7ee918d163501d1326b6b351031539eed919b94ea,2,True
807,1,6,"2,3,4,5,6,7,8,9,10,11","0,1","2,3,4,5,6,8,9,10,11",7,9,1,"2,3,4,5,6,8,9,10,11",0,0,0,True,True,False,df81542a06605130ec8d37890f3b8be414e940a1649a29a43b7df3632425dea5,9bbd850ce8cf3f3b692a74753d8367f5921adf1ed398edf9b005c630df2ff3df,2,True
807,1,7,"2,3,4,5,6,7,8,9,10,11","0,1","2,3,4,5,6,7,9,10,11",8,9,1,"2,3,4,5,6,7,9,10,11",0,0,0,True,True,False,9863ce3403589c7a941dbca52766e5543105804921507862ae1267a731a2bff0,0394c64201a965c3cc203e93325ef6eeff257aad45f4ecc8e692b5abc2dfb71d,2,True
807,1,8,"2,3,4,5,6,7,8,9,10,11","0,1","2,3,4,5,6,7,8,10,11",9,9,1,"2,3,4,5,6,7,8,10,11",0,0,0,True,True,False,594d4926699ba522b1bb96581769602eed594178f71ffd34e9f3be3a74b11df0,582f5032cf8f3470003aab84743a69a76457125ff3b6bc296d1c3afeb0974e9e,2,True
807,1,9,"2,3,4,5,6,7,8,9,10,11","0,1","2,3,4,5,6,7,8,9,11",10,9,1,"2,3,4,5,6,7,8,9,11",0,0,0,True,True,False,42f4d32b3dad12d8d0c5b7d09335db9851071b7c4d06a80631e51044aa33ed5e,fe08470763e46d9f2c037ecb7f5f323e923e145aa485bea81cee4cb73d280222,2,True
807,1,10,"2,3,4,5,6,7,8,9,10,11","0,1","2,3,4,5,6,7,8,9,10",11,9,1,"2,3,4,5,6,7,8,9,10",0,0,0,True,True,False,688a1b524bf03c83bbeb90e991282b0a297b1623964fa51319393aff683cc8f8,f002a7247f8b6ff2f6dd734963da77dee8c521323a9428c4f43b11de69ac5c06,2,True
807,2,1,"0,1,4,5,6,7,8,9,10,11","2,3","1,4,5,6,7,8,9,10,11",0,9,1,"1,4,5,6,7,8,9,10,11",0,0,0,True,True,False,dd9abb605e6577e875f691ff07cd802fca29ed7e0b0410fb21b6983030eec74e,c42540836bb9270e67c0a522d77fc06d468022f28d0c8cda4cc635fdb90e255c,1,False
807,2,2,"0,1,4,5,6,7,8,9,10,11","2,3","0,4,5,6,7,8,9,10,11",1,9,1,"0,4,5,6,7,8,9,10,11",0,0,0,True,True,False,676b30107c6968330b86662d6845c17f1371233ef2879881bf3326145bb0f1bb,d922e3d13a31d042c232753170a8569a67ca9418c6aa67ddb72efa703de45ee6,1,False
807,2,3,"0,1,4,5,6,7,8,9,10,11","2,3","0,1,5,6,7,8,9,10,11",4,9,1,"0,1,5,6,7,8,9,10,11",0,0,0,True,True,False,2f71e91d7607cbeccc75bbf38724de5b7c71ebd6cc182dbd4ac312b8c59becee,5942dd453f4d9f1076186ca8a27c55e15006a8b402b34028659a4edf7a152e29,1,False
807,2,4,"0,1,4,5,6,7,8,9,10,11","2,3","0,1,4,6,7,8,9,10,11",5,9,1,"0,1,4,6,7,8,9,10,11",0,0,0,True,True,False,7982e0d11735a8671c8433725ce77188b0c90c28f7a305703654f0555d4871a2,9bed86864345dda4c5f656b9b779017d93011e2c29e0b1344e5adcf8a88c9d8b,1,False
807,2,5,"0,1,4,5,6,7,8,9,10,11","2,3","0,1,4,5,7,8,9,10,11",6,9,1,"0,1,4,5,7,8,9,10,11",0,0,0,True,True,False,4302ebe068cdbf340053e72c13c4eebd2d000a91fac87fc200b8b5eaab40d167,43b560a34186dba7fa8b9e6ce7b98720bc5be2c39709c70d9c76f59266c55680,1,False
807,2,6,"0,1,4,5,6,7,8,9,10,11","2,3","0,1,4,5,6,8,9,10,11",7,9,1,"0,1,4,5,6,8,9,10,11",0,0,0,True,True,False,b5ede237a12844978c5a5c01585aa7383b8df6e5c0508a10bb1471356196d778,67f144da3cf2eaf7be08a33084d23dfcaf9717dcbb26780e11691a6e9a57721e,1,False
807,2,7,"0,1,4,5,6,7,8,9,10,11","2,3","0,1,4,5,6,7,9,10,11",8,9,1,"0,1,4,5,6,7,9,10,11",0,0,0,True,True,False,8cadc2986a567e1f80380ed459ddfb02e584dc81f8f0dbcb88cdb09998d51867,6111113d6d73816bd93f660f00451f17faf655bd7869216af3a8413f619eadde,1,False
807,2,8,"0,1,4,5,6,7,8,9,10,11","2,3","0,1,4,5,6,7,8,10,11",9,9,1,"0,1,4,5,6,7,8,10,11",0,0,0,True,True,False,0570021f903d127834db542b9ebddfa7293fbc9e63b60b5b19542322cc3cb027,6f7e71cedeb7506b03c8221a29c263b603d95f4c831edf106e9073e410b9e45b,1,False
807,2,9,"0,1,4,5,6,7,8,9,10,11","2,3","0,1,4,5,6,7,8,9,11",10,9,1,"0,1,4,5,6,7,8,9,11",0,0,0,True,True,False,1d2e08928c65bee0926be7617dca3b7bde04a8725f868d11cfbfa000f5062fd3,67c15c54b58a83c8d6ae5f62871ee8c570fb4d93a2f541dd3d108d0b1724752a,1,False
807,2,10,"0,1,4,5,6,7,8,9,10,11","2,3","0,1,4,5,6,7,8,9,10",11,9,1,"0,1,4,5,6,7,8,9,10",0,0,0,True,True,False,14f0393feeade108197965820d3535215dfbe6b6f6d617e184972185a0b7fdd9,b59938f02f817e88e860d4e063da3d369b9163feec4ab188e94d6ec0b3546d73,1,False
807,3,1,"0,1,2,3,5,6,7,8,9,10,11",4,"2,3,5,6,7,8,9,10,11","0,1",9,2,"2,3,5,6,7,8,9,10,11",0,0,0,True,True,False,1c9988ff3c053e89a7b8ff9d361789a15e4f9ff498531a0193411e457556c981,581ae1bc68e0f9f960e505980513cb9ac3051a1e156af18c1c04e6db247730cd,2,True
807,3,2,"0,1,2,3,5,6,7,8,9,10,11",4,"0,1,3,5,6,7,8,9,10,11",2,10,1,"0,1,3,5,6,7,8,9,10,11",0,0,0,True,True,False,a724ece9bb8057682af6d6a04d7734e186b878db832a3511dfb6891afb34db80,7bfa871a3b849bf62f6c16f69b5863cfc410de02f7a612d35763e91e43dd8bda,1,False
807,3,3,"0,1,2,3,5,6,7,8,9,10,11",4,"0,1,2,5,6,7,8,9,10,11",3,10,1,"0,1,2,5,6,7,8,9,10,11",0,0,0,True,True,False,7bd781d2ee62d2d325b4b88cb06e7bbca3fad23e1482c9b0c6d58b8515d9df16,50b1a6dd8f6168ef0b66ae2d607ac07e038279211ad36e40ad05005d240199ba,1,False
807,3,4,"0,1,2,3,5,6,7,8,9,10,11",4,"0,1,2,3,6,7,8,9,10,11",5,10,1,"0,1,2,3,6,7,8,9,10,11",0,0,0,True,True,False,fb547d44b77cb184cffa3f0cad279bc549acc94af8c1b776037a77a73bc44761,c3241416561fda9206f7c7dd222af02234353e5a638aa883a6ed22b141fd3c22,2,True
807,3,5,"0,1,2,3,5,6,7,8,9,10,11",4,"0,1,2,3,5,7,8,9,10,11",6,10,1,"0,1,2,3,5,7,8,9,10,11",0,0,0,True,True,False,2eee86a1e71d24995d829829cd4f92f9d404048ca504f106fb3db2caaf2812e9,5e798b746dbb591c4508ae1872850ed2fd0effda2db32a5ea7eb05b7fdf7a253,2,True
807,3,6,"0,1,2,3,5,6,7,8,9,10,11",4,"0,1,2,3,5,6,8,9,10,11",7,10,1,"0,1,2,3,5,6,8,9,10,11",0,0,0,True,True,False,ba65ae2676cf113a4bd461631eeee9861e0cde317a597204d55f4bf4836e5fb1,cad4254cee13e2412162aa82adff319a0aa324af342df5387b0f41b140966af3,2,True
807,3,7,"0,1,2,3,5,6,7,8,9,10,11",4,"0,1,2,3,5,6,7,9,10,11",8,10,1,"0,1,2,3,5,6,7,9,10,11",0,0,0,True,True,False,dc5393ede2d51276583f380446c4d9dfd18cff150e6b56da8672dc898e894772,941cee0b2900ceabd13731257ec2d213c31407a5d8f0702827a296d312875a2e,2,True
807,3,8,"0,1,2,3,5,6,7,8,9,10,11",4,"0,1,2,3,5,6,7,8,10,11",9,10,1,"0,1,2,3,5,6,7,8,10,11",0,0,0,True,True,False,ddacbfdb34a0306a238b0cd3f6f2a791680a1f69bee779082509d1f415b2aae1,5ff476dd6f2e89024fc88ae1c37a6f72be54fa04214e0e6a632ce592ffae0ba3,2,True
807,3,9,"0,1,2,3,5,6,7,8,9,10,11",4,"0,1,2,3,5,6,7,8,9,11",10,10,1,"0,1,2,3,5,6,7,8,9,11",0,0,0,True,True,False,66b2ffbd9a67d6f6c00c9163eb890a739b0398e2c45304c41eecf71873310a24,b5edbb50ebc0ce65304ff0bee5d964057f6b9579d54a4fb15b6dc583f947d0d0,2,True
807,3,10,"0,1,2,3,5,6,7,8,9,10,11",4,"0,1,2,3,5,6,7,8,9,10",11,10,1,"0,1,2,3,5,6,7,8,9,10",0,0,0,True,True,False,6f33aecba44a26763a65833a7d387d3fa8f44478c938cd2255e3aec310df2c92,8b35a6feebb2ffd1a5a422bdd8909a092430fd478ff9b2402726471adc1896d4,2,True
807,4,1,"0,1,2,3,4,6,7,8,9,10,11",5,"2,3,4,6,7,8,9,10,11","0,1",9,2,"2,3,4,6,7,8,9,10,11",0,0,0,True,True,False,1e75ae2c55c15d43ae3937f460935dd5284dd429f16e4734e4b088f2a512526e,91dede064ed974df64d130792f14d9afd1ca37ae887fc29da9a0db86d4a617c0,2,True
807,4,2,"0,1,2,3,4,6,7,8,9,10,11",5,"0,1,3,4,6,7,8,9,10,11",2,10,1,"0,1,3,4,6,7,8,9,10,11",0,0,0,True,True,False,56d0b0294ca2fe99508dafe622f80f1e833056cfe6312384f7dbcdd32291540d,f1f2ffead2a8a5aff7cb1fd15dbf6fec23afadce69233450fd5a6ad035172541,1,False
807,4,3,"0,1,2,3,4,6,7,8,9,10,11",5,"0,1,2,4,6,7,8,9,10,11",3,10,1,"0,1,2,4,6,7,8,9,10,11",0,0,0,True,True,False,7c76d6d39be0e5033ed9c1453fe5334543e32b88044644675b69ed82b760681a,7fc2a0764c622553cac7fd07995940e13da6f99aaf7aeaab3de0920ade3064b3,1,False
807,4,4,"0,1,2,3,4,6,7,8,9,10,11",5,"0,1,2,3,6,7,8,9,10,11",4,10,1,"0,1,2,3,6,7,8,9,10,11",0,0,0,True,True,False,fb547d44b77cb184cffa3f0cad279bc549acc94af8c1b776037a77a73bc44761,164fd6d853034aeeb60231274db225591e532ff85c0f8d4a52692bc5155f2e46,2,True
807,4,5,"0,1,2,3,4,6,7,8,9,10,11",5,"0,1,2,3,4,7,8,9,10,11",6,10,1,"0,1,2,3,4,7,8,9,10,11",0,0,0,True,True,False,24eb449f77152b22c9cc90197116b995cf7e0c013d6ac7eceaa68cdb3ca0779a,7f971b356a2d5f79d859a74d8fcd7ebad3faab18e160c4011e0c18a949fe75f8,2,True
807,4,6,"0,1,2,3,4,6,7,8,9,10,11",5,"0,1,2,3,4,6,8,9,10,11",7,10,1,"0,1,2,3,4,6,8,9,10,11",0,0,0,True,True,False,98ecf7edefedeaa790cc916eccdbf53d422242aa9af65e7885c0b08e06687482,eb901d87e10cac6ed46a2c803f3422cac164143b43c4c5218567faf458f48cb1,2,True
807,4,7,"0,1,2,3,4,6,7,8,9,10,11",5,"0,1,2,3,4,6,7,9,10,11",8,10,1,"0,1,2,3,4,6,7,9,10,11",0,0,0,True,True,False,f7d3cbb794bf0515859ea21e90e2ed1e3b8c632aaafd4d9e255538e75a2ae256,9c9d1d6e05309d09e7f9bbfdef3064fed609a4a6800c431c94a7fe8e73adac35,2,True
807,4,8,"0,1,2,3,4,6,7,8,9,10,11",5,"0,1,2,3,4,6,7,8,10,11",9,10,1,"0,1,2,3,4,6,7,8,10,11",0,0,0,True,True,False,a5022ede0a51e5bdbe1f901c04dc090c1921d54fea748a9943fd551a0efdaf2a,780b04af394a29153e49f9c3a6f31f6c62cd72c67f8450d7eddd37e6892a3e29,2,True
807,4,9,"0,1,2,3,4,6,7,8,9,10,11",5,"0,1,2,3,4,6,7,8,9,11",10,10,1,"0,1,2,3,4,6,7,8,9,11",0,0,0,True,True,False,e617be88bb8e930f479eb5341b50518eed752dd353a23832e33f60213e634620,0157e325f9ba0d7f7af42e95cc09116d632f3e1b916a3b053ae57a0fcb189456,2,True
807,4,10,"0,1,2,3,4,6,7,8,9,10,11",5,"0,1,2,3,4,6,7,8,9,10",11,10,1,"0,1,2,3,4,6,7,8,9,10",0,0,0,True,True,False,bbbcf48953c1023a5b961d502e5f327ec0104c8e94d9e81c65af0720620732ad,b8223ad7dbc3f3172f3d8691bcb36048ed1b7f47aad75be8c2f2627ecd1682d2,2,True
807,5,1,"0,1,2,3,4,5,7,8,9,10,11",6,"2,3,4,5,7,8,9,10,11","0,1",9,2,"2,3,4,5,7,8,9,10,11",0,0,0,True,True,False,1269f3aca17e7e8627adf947d3a3d400ca23cb89c83674fe36082eb0d6057fd6,9ba11786afafc73cb7620787fbae824b86ebd13d0ea1bc8ba2531d347a2fb690,2,True
807,5,2,"0,1,2,3,4,5,7,8,9,10,11",6,"0,1,3,4,5,7,8,9,10,11",2,10,1,"0,1,3,4,5,7,8,9,10,11",0,0,0,True,True,False,db492cf7b6bb411e9f836cf73bb889181818370c1f9a6091e94075b52f97fde6,7bf1169e724b5c0c0b4c4bcc777e470cfe07db7bb9f1003be24f7799c99b5113,1,False
807,5,3,"0,1,2,3,4,5,7,8,9,10,11",6,"0,1,2,4,5,7,8,9,10,11",3,10,1,"0,1,2,4,5,7,8,9,10,11",0,0,0,True,True,False,a92792af492efa6bdb7511de384e135f6bd7f036518537cbeff34364d759a122,970d4ea0855ebe8e060ab05edfe8b245440526145601bf7fc4b97b299c123855,1,False
807,5,4,"0,1,2,3,4,5,7,8,9,10,11",6,"0,1,2,3,5,7,8,9,10,11",4,10,1,"0,1,2,3,5,7,8,9,10,11",0,0,0,True,True,False,2eee86a1e71d24995d829829cd4f92f9d404048ca504f106fb3db2caaf2812e9,3b66b653802126ab373a3ccffa56b21bad00c3807242f03254e931fce990b13b,2,True
807,5,5,"0,1,2,3,4,5,7,8,9,10,11",6,"0,1,2,3,4,7,8,9,10,11",5,10,1,"0,1,2,3,4,7,8,9,10,11",0,0,0,True,True,False,24eb449f77152b22c9cc90197116b995cf7e0c013d6ac7eceaa68cdb3ca0779a,37a250b2e3461255e2324d1a78135d1aa6b3b9271935aaa14feff5675935e466,2,True
807,5,6,"0,1,2,3,4,5,7,8,9,10,11",6,"0,1,2,3,4,5,8,9,10,11",7,10,1,"0,1,2,3,4,5,8,9,10,11",0,0,0,True,True,False,017061627a43da7b46d6c2fa36d33f0009366fbcde83cd6e5a1f52c05a2ab721,4c66691849bb1bd7031f8af910963660d28ea4abdf2badd2bed3287e4f8a71e9,2,True
807,5,7,"0,1,2,3,4,5,7,8,9,10,11",6,"0,1,2,3,4,5,7,9,10,11",8,10,1,"0,1,2,3,4,5,7,9,10,11",0,0,0,True,True,False,3f9d6079d269503050e9b01c51f4887c962467de57f159ffc73c024ae1c964df,4796f5e39a4740859af06244a3f489ff57cdc2969741e09aaa77d8b1ae1dcefc,2,True
807,5,8,"0,1,2,3,4,5,7,8,9,10,11",6,"0,1,2,3,4,5,7,8,10,11",9,10,1,"0,1,2,3,4,5,7,8,10,11",0,0,0,True,True,False,63a7f1ab01ebe21bc3bc5d1ad393fd7a5177ad2bab6f9847ae672beb3df4b38c,4de46e098c506e426f63aad05497c8b82b5b8b0f315fcdecdbba50dc23540814,2,True
807,5,9,"0,1,2,3,4,5,7,8,9,10,11",6,"0,1,2,3,4,5,7,8,9,11",10,10,1,"0,1,2,3,4,5,7,8,9,11",0,0,0,True,True,False,19a7d563e5bc8f3cf09f097c0292978b2ad094f5774de918fc3fd70eee26bf7b,5ab9e14e8752ef63b4521c836211b5159ff9f183cbb2ae43cc7a12514b38cd67,2,True
807,5,10,"0,1,2,3,4,5,7,8,9,10,11",6,"0,1,2,3,4,5,7,8,9,10",11,10,1,"0,1,2,3,4,5,7,8,9,10",0,0,0,True,True,False,266fade582510ba03219df2cf9d896e5d4d76b18a70c3e96c4d5761fc4e18b78,291d4ec706b66cc85b5648b4c5d7c9617609bebe753f6b19d51d9c062e7e9ced,2,True
807,6,1,"0,1,2,3,4,5,6,8,9,10,11",7,"2,3,4,5,6,8,9,10,11","0,1",9,2,"2,3,4,5,6,8,9,10,11",0,0,0,True,True,False,df81542a06605130ec8d37890f3b8be414e940a1649a29a43b7df3632425dea5,6192aa3a50ac12bbf180b71bf80d069a369cfb149863d3a8e694765c7973cd39,2,True
807,6,2,"0,1,2,3,4,5,6,8,9,10,11",7,"0,1,3,4,5,6,8,9,10,11",2,10,1,"0,1,3,4,5,6,8,9,10,11",0,0,0,True,True,False,71f278c81dbe4ebd6ff8575ec25c9ab9be50407748b7729e40247256b2859e44,e053ade7158be5aa007cb5220a519301027c82a3d740252624b143ba802dab13,1,False
807,6,3,"0,1,2,3,4,5,6,8,9,10,11",7,"0,1,2,4,5,6,8,9,10,11",3,10,1,"0,1,2,4,5,6,8,9,10,11",0,0,0,True,True,False,84d28241a5d669fad3d84f91272aaa48dc6ccddff1d4d7c3d67bf4c5d2fd7b18,9cfc4833d61eda8153ae88ee012ef7366fb5b33a30d32b06170494f617a6ce81,1,False
807,6,4,"0,1,2,3,4,5,6,8,9,10,11",7,"0,1,2,3,5,6,8,9,10,11",4,10,1,"0,1,2,3,5,6,8,9,10,11",0,0,0,True,True,False,ba65ae2676cf113a4bd461631eeee9861e0cde317a597204d55f4bf4836e5fb1,80ddfb364e472c79bc1bda7dc9d047655ca72d512d530b78d0d374dd73463087,2,True
807,6,5,"0,1,2,3,4,5,6,8,9,10,11",7,"0,1,2,3,4,6,8,9,10,11",5,10,1,"0,1,2,3,4,6,8,9,10,11",0,0,0,True,True,False,98ecf7edefedeaa790cc916eccdbf53d422242aa9af65e7885c0b08e06687482,3926d9d5720dadda7b800ef0e3e00caee87fd8f94637b369380a6ecd4b5e6584,2,True
807,6,6,"0,1,2,3,4,5,6,8,9,10,11",7,"0,1,2,3,4,5,8,9,10,11",6,10,1,"0,1,2,3,4,5,8,9,10,11",0,0,0,True,True,False,017061627a43da7b46d6c2fa36d33f0009366fbcde83cd6e5a1f52c05a2ab721,bc8312704bfeb937d2fd793337c645720a1de3456391b77afe595cfc40baae1d,2,True
807,6,7,"0,1,2,3,4,5,6,8,9,10,11",7,"0,1,2,3,4,5,6,9,10,11",8,10,1,"0,1,2,3,4,5,6,9,10,11",0,0,0,True,True,False,2ebbf5f3258030e1afda2813646b642af4b68829d27988ed760ddb8f4bfb4864,9a462f2229134f8ce8b3d22eb38a3b6ca064fc1c7121c9d2fa11c08cb69d2b61,2,True
807,6,8,"0,1,2,3,4,5,6,8,9,10,11",7,"0,1,2,3,4,5,6,8,10,11",9,10,1,"0,1,2,3,4,5,6,8,10,11",0,0,0,True,True,False,61aded90821d7e057b2b27aff646a62305540a95efbf703f212e13705a00103f,e53db5abb2824850446a3488b8323f924c3a2f9e99426a035a79fed171582480,2,True
807,6,9,"0,1,2,3,4,5,6,8,9,10,11",7,"0,1,2,3,4,5,6,8,9,11",10,10,1,"0,1,2,3,4,5,6,8,9,11",0,0,0,True,True,False,f37be956b65636e81c36ad0f1bb4f415e13d98ea8ba7e60eaf7ead45f5aa34ce,0dc3575b43bef1c8d486bf0130f256f282390e77a5fa437b209f98afa26e0477,2,True
807,6,10,"0,1,2,3,4,5,6,8,9,10,11",7,"0,1,2,3,4,5,6,8,9,10",11,10,1,"0,1,2,3,4,5,6,8,9,10",0,0,0,True,True,False,1ee2db0172c94632c1b22cf8f5b9d117469e9b4018dad9d72eb8b698dd435a89,67303385916168e4871ecf00a55ee8ea21bb507677d5e7bff16fbbb97084ea90,2,True
807,7,1,"0,1,2,3,4,5,6,7,9,10,11",8,"2,3,4,5,6,7,9,10,11","0,1",9,2,"2,3,4,5,6,7,9,10,11",0,0,0,True,True,False,9863ce3403589c7a941dbca52766e5543105804921507862ae1267a731a2bff0,9a3df0053da878613bc2b403f6b62b1c576b96742600a3784360e35f2292e382,2,True
807,7,2,"0,1,2,3,4,5,6,7,9,10,11",8,"0,1,3,4,5,6,7,9,10,11",2,10,1,"0,1,3,4,5,6,7,9,10,11",0,0,0,True,True,False,524601f600606a948df65fa09d088daa0cb4ac1fea8cf70f122defefc84b218f,49807a39c57a81489e65ad1e7cfbe8d3d296964de375c8b01f5b43fe611596b1,1,False
807,7,3,"0,1,2,3,4,5,6,7,9,10,11",8,"0,1,2,4,5,6,7,9,10,11",3,10,1,"0,1,2,4,5,6,7,9,10,11",0,0,0,True,True,False,3fe0a32908073b13975c3ff1a3ef0d929c9e945570c5936bdc6c8cbe406ab957,3b4b943c99af00183984fdcc9135e7a0664128d94a36d32e9a02732f2917518e,1,False
807,7,4,"0,1,2,3,4,5,6,7,9,10,11",8,"0,1,2,3,5,6,7,9,10,11",4,10,1,"0,1,2,3,5,6,7,9,10,11",0,0,0,True,True,False,dc5393ede2d51276583f380446c4d9dfd18cff150e6b56da8672dc898e894772,c8c5d516b79dde690db86cb18a7e47f9c36a38b17179c116eb599dda2dbf0af5,2,True
807,7,5,"0,1,2,3,4,5,6,7,9,10,11",8,"0,1,2,3,4,6,7,9,10,11",5,10,1,"0,1,2,3,4,6,7,9,10,11",0,0,0,True,True,False,f7d3cbb794bf0515859ea21e90e2ed1e3b8c632aaafd4d9e255538e75a2ae256,6f018fabb9a2145fce99526c2d2b955ecc31285d224f920db32e97d1195b94a0,2,True
807,7,6,"0,1,2,3,4,5,6,7,9,10,11",8,"0,1,2,3,4,5,7,9,10,11",6,10,1,"0,1,2,3,4,5,7,9,10,11",0,0,0,True,True,False,3f9d6079d269503050e9b01c51f4887c962467de57f159ffc73c024ae1c964df,505f35ad2b0daed10dcf6ac91cc041227716c3257179a6c09441c9a69d074a21,2,True
807,7,7,"0,1,2,3,4,5,6,7,9,10,11",8,"0,1,2,3,4,5,6,9,10,11",7,10,1,"0,1,2,3,4,5,6,9,10,11",0,0,0,True,True,False,2ebbf5f3258030e1afda2813646b642af4b68829d27988ed760ddb8f4bfb4864,c5a7e67936decb18c672121626a3fe4d17849796facb59b259493fd823058272,2,True
807,7,8,"0,1,2,3,4,5,6,7,9,10,11",8,"0,1,2,3,4,5,6,7,10,11",9,10,1,"0,1,2,3,4,5,6,7,10,11",0,0,0,True,True,False,260ad391f0b40cc1a79737c7326bf99587bc7ef92151cde8976579e0f9522078,4b753f626c0269ecc3bdba97fbb3b5aaeabbe6e34f457e2484dd91dd94e3cfd7,2,True
807,7,9,"0,1,2,3,4,5,6,7,9,10,11",8,"0,1,2,3,4,5,6,7,9,11",10,10,1,"0,1,2,3,4,5,6,7,9,11",0,0,0,True,True,False,264a1a02274bdcb10e27efd4d9874c733c14bac55e853445291bd124074915d9,890bcfd38a2caa97ecccb45a22525cc1a893c9d9832aba729e5817cd5a6670c3,2,True
807,7,10,"0,1,2,3,4,5,6,7,9,10,11",8,"0,1,2,3,4,5,6,7,9,10",11,10,1,"0,1,2,3,4,5,6,7,9,10",0,0,0,True,True,False,802f67c8da1bd3a5ccd0c48d083b86ee24c87d00f3fa79727268dc3c8ad9f51b,5128788a24b18d545c0774ce0fe76c3994139864a5b6f15e7009248d2ebd2fcc,2,True
807,8,1,"0,1,2,3,4,5,6,7,8,10,11",9,"2,3,4,5,6,7,8,10,11","0,1",9,2,"2,3,4,5,6,7,8,10,11",0,0,0,True,True,False,594d4926699ba522b1bb96581769602eed594178f71ffd34e9f3be3a74b11df0,6943091052babbdb0989dcfc9bbbd811193016edb5eb2e88774fcf73b49eb957,2,True
807,8,2,"0,1,2,3,4,5,6,7,8,10,11",9,"0,1,3,4,5,6,7,8,10,11",2,10,1,"0,1,3,4,5,6,7,8,10,11",0,0,0,True,True,False,47830aade6f2a63cf62a2b15553a4965a05fea549c85eb4abb37b05a67148370,4c7e39c725b590792a0326b6a6c93d145cadd89de70e1c8ea286bfcd21ab5016,1,False
807,8,3,"0,1,2,3,4,5,6,7,8,10,11",9,"0,1,2,4,5,6,7,8,10,11",3,10,1,"0,1,2,4,5,6,7,8,10,11",0,0,0,True,True,False,29baf53e1207632aa4b2d17feba43e89299d8cc4d392b234694b9d5cc9c167d5,0a8fc68a475ba18049a3c575cf5eb2f9f8784e7e3504fffefb8eafbab3b4acba,1,False
807,8,4,"0,1,2,3,4,5,6,7,8,10,11",9,"0,1,2,3,5,6,7,8,10,11",4,10,1,"0,1,2,3,5,6,7,8,10,11",0,0,0,True,True,False,ddacbfdb34a0306a238b0cd3f6f2a791680a1f69bee779082509d1f415b2aae1,b417a9a2c447c3e6c233a3a90559a712875194688b2bc166d9c95e8acdf5e78b,2,True
807,8,5,"0,1,2,3,4,5,6,7,8,10,11",9,"0,1,2,3,4,6,7,8,10,11",5,10,1,"0,1,2,3,4,6,7,8,10,11",0,0,0,True,True,False,a5022ede0a51e5bdbe1f901c04dc090c1921d54fea748a9943fd551a0efdaf2a,94839af6a1922d7b569b8b1597f1f6f61b03a0fbcbf7524a15fcb7751cf37c38,2,True
807,8,6,"0,1,2,3,4,5,6,7,8,10,11",9,"0,1,2,3,4,5,7,8,10,11",6,10,1,"0,1,2,3,4,5,7,8,10,11",0,0,0,True,True,False,63a7f1ab01ebe21bc3bc5d1ad393fd7a5177ad2bab6f9847ae672beb3df4b38c,9d49666293a9c8b5a335d1a163d125d6c24606eefe293999670c12b4c59ed243,2,True
807,8,7,"0,1,2,3,4,5,6,7,8,10,11",9,"0,1,2,3,4,5,6,8,10,11",7,10,1,"0,1,2,3,4,5,6,8,10,11",0,0,0,True,True,False,61aded90821d7e057b2b27aff646a62305540a95efbf703f212e13705a00103f,213ae5bdef115ac8f5a8db9c28814304fc1a7bc6d0cba9aee620979ef3dcaede,2,True
807,8,8,"0,1,2,3,4,5,6,7,8,10,11",9,"0,1,2,3,4,5,6,7,10,11",8,10,1,"0,1,2,3,4,5,6,7,10,11",0,0,0,True,True,False,260ad391f0b40cc1a79737c7326bf99587bc7ef92151cde8976579e0f9522078,eae635f04eaefc2117a1e22f3e5381982591ff2c690d8921a696935f8a087a3a,2,True
807,8,9,"0,1,2,3,4,5,6,7,8,10,11",9,"0,1,2,3,4,5,6,7,8,11",10,10,1,"0,1,2,3,4,5,6,7,8,11",0,0,0,True,True,False,cd0733c5157240d217abda8b2ea73d4e46d793d169fc9d2afe418d7c32021f1b,4e5826f003e91be2e43137996909a03afe5a2a859b64fae32a692b193e52984f,2,True
807,8,10,"0,1,2,3,4,5,6,7,8,10,11",9,"0,1,2,3,4,5,6,7,8,10",11,10,1,"0,1,2,3,4,5,6,7,8,10",0,0,0,True,True,False,d06fe09181e5089198ccfbc27a7bb0db23349df5b1eb00b01ff80a98761cd8a3,7ac7162489e668c06f437e92bc00af5a043d55ce70bc989043bc38ddc95b49b4,2,True
807,9,1,"0,1,2,3,4,5,6,7,8,9,11",10,"2,3,4,5,6,7,8,9,11","0,1",9,2,"2,3,4,5,6,7,8,9,11",0,0,0,True,True,False,42f4d32b3dad12d8d0c5b7d09335db9851071b7c4d06a80631e51044aa33ed5e,9aae708061aea93c4e6529f76324a214a41c04ed3f4941890c716b482c07aa3f,2,True
807,9,2,"0,1,2,3,4,5,6,7,8,9,11",10,"0,1,3,4,5,6,7,8,9,11",2,10,1,"0,1,3,4,5,6,7,8,9,11",0,0,0,True,True,False,feb70848700df2fcae93d8a7042c44c2fd9763c7116700dd9577127df07fc668,3de277019d20ea55974a413bebafabdf274b6674a016a267d703c9208f529833,1,False
807,9,3,"0,1,2,3,4,5,6,7,8,9,11",10,"0,1,2,4,5,6,7,8,9,11",3,10,1,"0,1,2,4,5,6,7,8,9,11",0,0,0,True,True,False,dc5420457c56ff692d81510c4cbf80c53b169fb88dd298947512c74df8a6e2fa,2e75bb21e0b8d499792dc42b1a01b05269f258edaf08765ce1e44ad651286e0d,1,False
807,9,4,"0,1,2,3,4,5,6,7,8,9,11",10,"0,1,2,3,5,6,7,8,9,11",4,10,1,"0,1,2,3,5,6,7,8,9,11",0,0,0,True,True,False,66b2ffbd9a67d6f6c00c9163eb890a739b0398e2c45304c41eecf71873310a24,d32effe762451b45d0b48d9366f9ad1bd4c9ed24158a83f847193f8b70445783,2,True
807,9,5,"0,1,2,3,4,5,6,7,8,9,11",10,"0,1,2,3,4,6,7,8,9,11",5,10,1,"0,1,2,3,4,6,7,8,9,11",0,0,0,True,True,False,e617be88bb8e930f479eb5341b50518eed752dd353a23832e33f60213e634620,51f6f2a8a08bbdebd9dda1baa575efd4f36ad9eac3a7bb2bbbdb694cf3218834,2,True
807,9,6,"0,1,2,3,4,5,6,7,8,9,11",10,"0,1,2,3,4,5,7,8,9,11",6,10,1,"0,1,2,3,4,5,7,8,9,11",0,0,0,True,True,False,19a7d563e5bc8f3cf09f097c0292978b2ad094f5774de918fc3fd70eee26bf7b,b2e5649e43e0ef970045361c83c902c4656289149861bccefb5fbf208b2a1232,2,True
807,9,7,"0,1,2,3,4,5,6,7,8,9,11",10,"0,1,2,3,4,5,6,8,9,11",7,10,1,"0,1,2,3,4,5,6,8,9,11",0,0,0,True,True,False,f37be956b65636e81c36ad0f1bb4f415e13d98ea8ba7e60eaf7ead45f5aa34ce,ad2856075dd3b113c85130bc2cdc949222738dc06ab9ad152b1962cf2157a37a,2,True
807,9,8,"0,1,2,3,4,5,6,7,8,9,11",10,"0,1,2,3,4,5,6,7,9,11",8,10,1,"0,1,2,3,4,5,6,7,9,11",0,0,0,True,True,False,264a1a02274bdcb10e27efd4d9874c733c14bac55e853445291bd124074915d9,f04a6cd114e54fd975611b2b4f9e6bfc92c562509d268cd3b8a5d2bc2678ce0c,2,True
807,9,9,"0,1,2,3,4,5,6,7,8,9,11",10,"0,1,2,3,4,5,6,7,8,11",9,10,1,"0,1,2,3,4,5,6,7,8,11",0,0,0,True,True,False,cd0733c5157240d217abda8b2ea73d4e46d793d169fc9d2afe418d7c32021f1b,19755b2ff897588c674a2dd0c98454f96bd1aae3ddac719b95335f32385e55c4,2,True
807,9,10,"0,1,2,3,4,5,6,7,8,9,11",10,"0,1,2,3,4,5,6,7,8,9",11,10,1,"0,1,2,3,4,5,6,7,8,9",0,0,0,True,True,False,d9fda5d8086d55f05fc3be82696e06802f1e222117aab0bba77669810bae8e8c,51907282ca99b3728cd6e16862eccf2b08ffd5299cfd48523f1754f16b56fd0f,2,True
807,10,1,"0,1,2,3,4,5,6,7,8,9,10",11,"2,3,4,5,6,7,8,9,10","0,1",9,2,"2,3,4,5,6,7,8,9,10",0,0,0,True,True,False,688a1b524bf03c83bbeb90e991282b0a297b1623964fa51319393aff683cc8f8,d2d397aa98c571b9ff706b3eb4955be8b26a46e2f220708f376fb4104685ce1a,2,True
807,10,2,"0,1,2,3,4,5,6,7,8,9,10",11,"0,1,3,4,5,6,7,8,9,10",2,10,1,"0,1,3,4,5,6,7,8,9,10",0,0,0,True,True,False,ef991db98570235a5353ea64710e74fab6b6bb427ddecd62c3d379d5d9b34146,a863ac884f5f8d21797be45b00b1cd1a7dd5f4d71deb6a25bf7b0cc7a58414db,1,False
807,10,3,"0,1,2,3,4,5,6,7,8,9,10",11,"0,1,2,4,5,6,7,8,9,10",3,10,1,"0,1,2,4,5,6,7,8,9,10",0,0,0,True,True,False,05976eab3e01e38b8edc21c83935256d544177b1623864a08de4936096a56e87,a81ad24a28420f09e12ec8deac788e2e1c566d44b5ff983681501afc9e0239f8,1,False
807,10,4,"0,1,2,3,4,5,6,7,8,9,10",11,"0,1,2,3,5,6,7,8,9,10",4,10,1,"0,1,2,3,5,6,7,8,9,10",0,0,0,True,True,False,6f33aecba44a26763a65833a7d387d3fa8f44478c938cd2255e3aec310df2c92,2e5f515232395f24bcaacd12e4168209cd33a7d84fff307a3735e945d8876bca,2,True
807,10,5,"0,1,2,3,4,5,6,7,8,9,10",11,"0,1,2,3,4,6,7,8,9,10",5,10,1,"0,1,2,3,4,6,7,8,9,10",0,0,0,True,True,False,bbbcf48953c1023a5b961d502e5f327ec0104c8e94d9e81c65af0720620732ad,9156679fcc63841d84627279235ba21c4afe95ba0fd1323347a301dbc882dae1,2,True
807,10,6,"0,1,2,3,4,5,6,7,8,9,10",11,"0,1,2,3,4,5,7,8,9,10",6,10,1,"0,1,2,3,4,5,7,8,9,10",0,0,0,True,True,False,266fade582510ba03219df2cf9d896e5d4d76b18a70c3e96c4d5761fc4e18b78,296bb5942e94cf3ac938b1f72451a3454cf3a65611350b2087f7ca7977ae6d17,2,True
807,10,7,"0,1,2,3,4,5,6,7,8,9,10",11,"0,1,2,3,4,5,6,8,9,10",7,10,1,"0,1,2,3,4,5,6,8,9,10",0,0,0,True,True,False,1ee2db0172c94632c1b22cf8f5b9d117469e9b4018dad9d72eb8b698dd435a89,b986548c753bee27edc63828376a2051b312711acdf268b25b0293634e6c9d54,2,True
807,10,8,"0,1,2,3,4,5,6,7,8,9,10",11,"0,1,2,3,4,5,6,7,9,10",8,10,1,"0,1,2,3,4,5,6,7,9,10",0,0,0,True,True,False,802f67c8da1bd3a5ccd0c48d083b86ee24c87d00f3fa79727268dc3c8ad9f51b,1077d2e61e77338828d7fe3518d4b43558aee96d1bf38fe3995241b56e56be47,2,True
807,10,9,"0,1,2,3,4,5,6,7,8,9,10",11,"0,1,2,3,4,5,6,7,8,10",9,10,1,"0,1,2,3,4,5,6,7,8,10",0,0,0,True,True,False,d06fe09181e5089198ccfbc27a7bb0db23349df5b1eb00b01ff80a98761cd8a3,becf5c92153b97e87efeba1686a95335954f1323c6d251e9770e0a67b535c5a6,2,True
807,10,10,"0,1,2,3,4,5,6,7,8,9,10",11,"0,1,2,3,4,5,6,7,8,9",10,10,1,"0,1,2,3,4,5,6,7,8,9",0,0,0,True,True,False,d9fda5d8086d55f05fc3be82696e06802f1e222117aab0bba77669810bae8e8c,8a508195c2cb770c93ddf67d735746ac723546132cbe1569cc3cf18462564953,2,True
813,1,1,"1,2,3,4,5,6,7,8,9",0,"2,3,4,5,6,7,8,9",1,8,1,"2,3,4,5,6,7,8,9",0,0,0,True,True,False,735340c9bbb72f28e68cb123b109502ded441cae9cbb5eab91942ec5c0e3692b,80a418957817d20ae8b17dd99eb45cefdcc4a4b2948caab5f9113c4d4382af45,2,True
813,1,2,"1,2,3,4,5,6,7,8,9",0,"1,3,4,5,6,7,8,9",2,8,1,"1,3,4,5,6,7,8,9",0,0,0,True,True,False,965c7d5c7ec1865c19329b9aa71a4f2cde21cf3218ad428b01bf278f2a03c1f9,b08bb025950dabb208bb2d856e072f7c468dc2ec181f3ccbab0db7d22e4e0196,2,True
813,1,3,"1,2,3,4,5,6,7,8,9",0,"1,2,4,5,6,7,8,9",3,8,1,"1,2,4,5,6,7,8,9",0,0,0,True,True,False,0c05c4cc2c672596c74df2bd6a5807f32ee11c3c7df60327e0a7f146e97f603b,f5d5bebc3954907427f6901b6f1fed2151445fd035b1dd5e533123230c83fe72,2,True
813,1,4,"1,2,3,4,5,6,7,8,9",0,"1,2,3,5,6,7,8,9",4,8,1,"1,2,3,5,6,7,8,9",0,0,0,True,True,False,b6ae53660e697c4969f8513fcc4cc1b299c009760d9fb78eec1c9cf0faac86bc,d958cc36fbf86e295df1f9f2f90a68a7d88a534d833642fd20d6fe1ef603b983,2,True
813,1,5,"1,2,3,4,5,6,7,8,9",0,"1,2,3,4,6,7,8,9",5,8,1,"1,2,3,4,6,7,8,9",0,0,0,True,True,False,f2278ad0e221aa624240b36bb38b1a4e78e98db628f148f6daef248eb62452bc,87fcbde05ecab9d8bfce3fc9d2e8f7cc124b656544fc022c98b33d799bf8c5f5,2,True
813,1,6,"1,2,3,4,5,6,7,8,9",0,"1,2,3,4,5,7,8,9",6,8,1,"1,2,3,4,5,7,8,9",0,0,0,True,True,False,7d32700daeb1c75e938a5afb2de98ce4b182676f32c6dcb2c27b31c1f1c61080,d141596e16cd93abc82aedfb321e9bbbf19ab6b15bc48cf10d63d2dbf6bafa71,2,True
813,1,7,"1,2,3,4,5,6,7,8,9",0,"1,2,3,4,5,6,8,9",7,8,1,"1,2,3,4,5,6,8,9",0,0,0,True,True,False,b2104b99ecb9d97a7b972b37a31813ed209c5b247c96de1f7a88d8b3a06ac967,e22e3d035630890d372efa7dc20c19a403e655f389e67fe3f0d6a0f0f4117539,2,True
813,1,8,"1,2,3,4,5,6,7,8,9",0,"1,2,3,4,5,6,7,9",8,8,1,"1,2,3,4,5,6,7,9",0,0,0,True,True,False,8a0042e97c6bb01bfe361838f71c48965a957a4d415fda37eb7ff537b2b96584,b897b80084df51951dcc1dbad4e11434f94c389a289f57419ba2611e4d38ae60,2,True
813,1,9,"1,2,3,4,5,6,7,8,9",0,"1,2,3,4,5,6,7,8",9,8,1,"1,2,3,4,5,6,7,8",0,0,0,True,True,False,60b55fab3f7dab5ec950218605ea77380db6168771dfe2498eb5308ea79e7420,982a3fba4547c5a27beef1fa8ae3ee620fd99d51512fab28201e198d10960109,2,True
813,2,1,"0,2,3,4,5,6,7,8,9",1,"2,3,4,5,6,7,8,9",0,8,1,"2,3,4,5,6,7,8,9",0,0,0,True,True,False,735340c9bbb72f28e68cb123b109502ded441cae9cbb5eab91942ec5c0e3692b,6855b47396605b5b82d7a554c2b25319da0579e7932a8794eddfeed99c5bd70e,2,True
813,2,2,"0,2,3,4,5,6,7,8,9",1,"0,3,4,5,6,7,8,9",2,8,1,"0,3,4,5,6,7,8,9",0,0,0,True,True,False,b54da8c8247cef5a425bb519f3ac8e921ca6b2cd18d935f1f6a03c55bab1e3f1,e11a3f519e5a8cd82814219590e7e6e2f441659b0b2ed5dbdc3cc63966da9afc,2,True
813,2,3,"0,2,3,4,5,6,7,8,9",1,"0,2,4,5,6,7,8,9",3,8,1,"0,2,4,5,6,7,8,9",0,0,0,True,True,False,4fdf66d4650744eb043880ec32dfabe4865e686c29f25d305698487116ece609,d7f33cc64bd551ff97da0e03bb2e52c470c19b775842eeb34b88efc0a7bf5e07,2,True
813,2,4,"0,2,3,4,5,6,7,8,9",1,"0,2,3,5,6,7,8,9",4,8,1,"0,2,3,5,6,7,8,9",0,0,0,True,True,False,071334571d11f095868cfe030324e29eb0c17bbe27fb0c585531c6e7467ba241,5355e699f93c466547992328007dbaadbc519e9eae9ea6ed0e2ba40728cf3785,2,True
813,2,5,"0,2,3,4,5,6,7,8,9",1,"0,2,3,4,6,7,8,9",5,8,1,"0,2,3,4,6,7,8,9",0,0,0,True,True,False,f8dee28cc3611efb565ecd866a56c3dcae817426bff172bed9fafbb9e8dc3496,f1f7b6b1b3b81080e2e43b08c131a68928b6a3890f81a0a74ac92a2fd85cca1d,2,True
813,2,6,"0,2,3,4,5,6,7,8,9",1,"0,2,3,4,5,7,8,9",6,8,1,"0,2,3,4,5,7,8,9",0,0,0,True,True,False,6282f88b1e5dcf0e50ad870deced48ba5ad752876e380786d2820e2284059f99,032dae9cc2908bfe71f6b24e3ffbce24666acb4829e31a4b07fcf65d4d4dad0e,2,True
813,2,7,"0,2,3,4,5,6,7,8,9",1,"0,2,3,4,5,6,8,9",7,8,1,"0,2,3,4,5,6,8,9",0,0,0,True,True,False,06a17d8b27439329edc0fd6b7d72ddfe1ed8cce194aefd90185b3c876e40ba43,1e671a7da6f7521dee63b6d4f5160f2ef5a8fa60ee1eab8559bf9eadd58155cd,2,True
813,2,8,"0,2,3,4,5,6,7,8,9",1,"0,2,3,4,5,6,7,9",8,8,1,"0,2,3,4,5,6,7,9",0,0,0,True,True,False,840e577614675b9db9769c66b69460fe8cee97a791156421af554e3150fe943b,19569210d2014885b3227ebf2709f3cab2bb30d6e45c0f37202e59ccb4956381,2,True
813,2,9,"0,2,3,4,5,6,7,8,9",1,"0,2,3,4,5,6,7,8",9,8,1,"0,2,3,4,5,6,7,8",0,0,0,True,True,False,ae33365f774c239959e31994f2672a7febe0c72f7cd116928109694ba8d898d8,7bdf0e68efc9b582e4a33b4955de6b921655056408b088d51b18571c09c35f8d,2,True
813,3,1,"0,1,3,4,5,6,7,8,9",2,"1,3,4,5,6,7,8,9",0,8,1,"1,3,4,5,6,7,8,9",0,0,0,True,True,False,965c7d5c7ec1865c19329b9aa71a4f2cde21cf3218ad428b01bf278f2a03c1f9,6786ca211b2ed38cca558a18b9b09b3c82b3e1bbb214dc1f74b25230baecddd2,2,True
813,3,2,"0,1,3,4,5,6,7,8,9",2,"0,3,4,5,6,7,8,9",1,8,1,"0,3,4,5,6,7,8,9",0,0,0,True,True,False,b54da8c8247cef5a425bb519f3ac8e921ca6b2cd18d935f1f6a03c55bab1e3f1,fcf39ebcf58bca85b87926e1e57f0292aa7e4ae804bd58a832033c85a1ed42d2,2,True
813,3,3,"0,1,3,4,5,6,7,8,9",2,"0,1,4,5,6,7,8,9",3,8,1,"0,1,4,5,6,7,8,9",0,0,0,True,True,False,489b86b863e8dffd6f9ed775157798aefe9b3290a7793489f99179994c60fe7d,291ccd3ed24865182b6ae7910921f3314b233c35ed3e7617120ed9247897c970,2,True
813,3,4,"0,1,3,4,5,6,7,8,9",2,"0,1,3,5,6,7,8,9",4,8,1,"0,1,3,5,6,7,8,9",0,0,0,True,True,False,240e84c82715818047733486060e9a7315f5e197bab1585f5d4ff3ad84fdc7af,5486b5a8481b9cace3da7590ffd1a53d5abf34ba48ec3c222e26ee924654499b,2,True
813,3,5,"0,1,3,4,5,6,7,8,9",2,"0,1,3,4,6,7,8,9",5,8,1,"0,1,3,4,6,7,8,9",0,0,0,True,True,False,c91c3839e687fd8e8227d6b556f5232f1fb5dde00b4b6a22d0b1012c0d8d0a1b,ed70aa839a842a561b7345de0ec4ed48f839e193af3409d41e68258857807d42,2,True
813,3,6,"0,1,3,4,5,6,7,8,9",2,"0,1,3,4,5,7,8,9",6,8,1,"0,1,3,4,5,7,8,9",0,0,0,True,True,False,c2a4e6ce682ddc1be76c445d4e90c5decb42be8b1be6ff2d9622e44827af5fef,f60331ec144d3fc759d7fd7a4e44dc6048f498d9d6a78014cf9afb22506d1fb1,2,True
813,3,7,"0,1,3,4,5,6,7,8,9",2,"0,1,3,4,5,6,8,9",7,8,1,"0,1,3,4,5,6,8,9",0,0,0,True,True,False,dba9dc236a8a9342b801af188ed3395ccfcc81b75bdc11c3e65cb53a89bdfa0f,72b4b44c2adf7542a007ada817743079744facd5f03ae26bee7f63a0c2efe062,2,True
813,3,8,"0,1,3,4,5,6,7,8,9",2,"0,1,3,4,5,6,7,9",8,8,1,"0,1,3,4,5,6,7,9",0,0,0,True,True,False,bcc78a6a0d40470ad91362cb457052607862ccda057759cbda943c5d75c5084f,a48b883cc7fbc86b206aaf09d8e4924e5f8aa7c34db7860b904ca1b2c572360d,2,True
813,3,9,"0,1,3,4,5,6,7,8,9",2,"0,1,3,4,5,6,7,8",9,8,1,"0,1,3,4,5,6,7,8",0,0,0,True,True,False,b20f5784edc248eb1376644173736f0b4181637578c693e2255595e49e8c3d68,02cef2b1a529a0f2a3d9ada0444b0bb99a86325cb83c22d84632a81cc2dea3ec,2,True
813,4,1,"0,1,2,4,5,6,7,8,9",3,"1,2,4,5,6,7,8,9",0,8,1,"1,2,4,5,6,7,8,9",0,0,0,True,True,False,0c05c4cc2c672596c74df2bd6a5807f32ee11c3c7df60327e0a7f146e97f603b,6ef1224fa1712b3504e9665f75dc0be5589a4cd0a21ac58643a2ee5ed7f89902,2,True
813,4,2,"0,1,2,4,5,6,7,8,9",3,"0,2,4,5,6,7,8,9",1,8,1,"0,2,4,5,6,7,8,9",0,0,0,True,True,False,4fdf66d4650744eb043880ec32dfabe4865e686c29f25d305698487116ece609,1dbd886d56d6fe637c429873c57b137809f28ee28f9a5c2a828600f584850416,2,True
813,4,3,"0,1,2,4,5,6,7,8,9",3,"0,1,4,5,6,7,8,9",2,8,1,"0,1,4,5,6,7,8,9",0,0,0,True,True,False,489b86b863e8dffd6f9ed775157798aefe9b3290a7793489f99179994c60fe7d,62e5300992e18e501987b4d87cc7ace1ae5ba5d5707e9a91aba270d5cc90225e,2,True
813,4,4,"0,1,2,4,5,6,7,8,9",3,"0,1,2,5,6,7,8,9",4,8,1,"0,1,2,5,6,7,8,9",0,0,0,True,True,False,d61d022a5b6a8de97362c879af42494817c9d8db4d76d928b2582787d5d799dc,e8a498ddc4b9207ff960a1fa9ef996fa42a4344d2688c8937f15bf3a243f30b5,2,True
813,4,5,"0,1,2,4,5,6,7,8,9",3,"0,1,2,4,6,7,8,9",5,8,1,"0,1,2,4,6,7,8,9",0,0,0,True,True,False,d3ad960ed3d3ec86fd7f512e9613b3b17ad04c64045359bdfe32a1058b6be7a6,39808a68bb93bda2ef9e90a63bdf1f65c1e55ec0fdd6d0849bba39773e8ad3b6,2,True
813,4,6,"0,1,2,4,5,6,7,8,9",3,"0,1,2,4,5,7,8,9",6,8,1,"0,1,2,4,5,7,8,9",0,0,0,True,True,False,5bb6aac071aa83cc25d2bcae2152127fceb4cabe2006c132fd51c74be3d4fe32,e43afbc5641e002d675d8484d7ddceff82d592b557bc6e34b6ed4112094d5f3c,2,True
813,4,7,"0,1,2,4,5,6,7,8,9",3,"0,1,2,4,5,6,8,9",7,8,1,"0,1,2,4,5,6,8,9",0,0,0,True,True,False,e702b97f0a7e77f91f1d6aa9eeefcfd28d24957b858e0b97dad21b0a0198c40c,e9ee2a5ab45e53fe44de8261a3a05a2c33e3ef3347e3cafa4821da2dccc9d5c0,2,True
813,4,8,"0,1,2,4,5,6,7,8,9",3,"0,1,2,4,5,6,7,9",8,8,1,"0,1,2,4,5,6,7,9",0,0,0,True,True,False,50b5a5a4695aa581d56dfb4e999dc73b0f6e5a619dc5a6428d5c4aeaa6673c64,5b4e5be33f99b7d438eed1532f2abb3b1315b3d0f0e7c41c84d7e31748a13ecb,2,True
813,4,9,"0,1,2,4,5,6,7,8,9",3,"0,1,2,4,5,6,7,8",9,8,1,"0,1,2,4,5,6,7,8",0,0,0,True,True,False,20cce2b994135e811541253094ddb9ed90a984fae95d963efb58f8485cbcdeb9,568ec786a652e4f2e8c778bedbf19b6ab3b007d9368e4666bb249b284af6fa82,2,True
813,5,1,"0,1,2,3,5,6,7,8,9",4,"1,2,3,5,6,7,8,9",0,8,1,"1,2,3,5,6,7,8,9",0,0,0,True,True,False,b6ae53660e697c4969f8513fcc4cc1b299c009760d9fb78eec1c9cf0faac86bc,fc5c4f80d5c6cd93767173df7f5e7d052d21c6d57056633b928ff5378746c27e,2,True
813,5,2,"0,1,2,3,5,6,7,8,9",4,"0,2,3,5,6,7,8,9",1,8,1,"0,2,3,5,6,7,8,9",0,0,0,True,True,False,071334571d11f095868cfe030324e29eb0c17bbe27fb0c585531c6e7467ba241,882d2f623a056880202c4d1697bb2ccdf1c44de3ecfe2e608bf48b4ac264d478,2,True
813,5,3,"0,1,2,3,5,6,7,8,9",4,"0,1,3,5,6,7,8,9",2,8,1,"0,1,3,5,6,7,8,9",0,0,0,True,True,False,240e84c82715818047733486060e9a7315f5e197bab1585f5d4ff3ad84fdc7af,cebcb9d5289af891b465d1abc0863aa200ee77036c129105df96909bf78e6e74,2,True
813,5,4,"0,1,2,3,5,6,7,8,9",4,"0,1,2,5,6,7,8,9",3,8,1,"0,1,2,5,6,7,8,9",0,0,0,True,True,False,d61d022a5b6a8de97362c879af42494817c9d8db4d76d928b2582787d5d799dc,b0881b40c74afcd1e76157fbe6cd1f14d494fe2f7b357e1e397d22b33ce8acd6,2,True
813,5,5,"0,1,2,3,5,6,7,8,9",4,"0,1,2,3,6,7,8,9",5,8,1,"0,1,2,3,6,7,8,9",0,0,0,True,True,False,715bae335e7fb8936c65ccbca4046a16f1df097bf991c41f63aa3d03e38c34d9,178fe21751979e6b43f63497612cb6f76ff4e454085480ee0900aa48d68befde,2,True
813,5,6,"0,1,2,3,5,6,7,8,9",4,"0,1,2,3,5,7,8,9",6,8,1,"0,1,2,3,5,7,8,9",0,0,0,True,True,False,b90bf52e10a3febea61b4725a34f96acecd7f7e31f5f8626cdfadbcd330e6661,0d17f733ecde30f9c2ef573f248ecd0570e1a682691ba2556b2e6ae1e498b8af,2,True
813,5,7,"0,1,2,3,5,6,7,8,9",4,"0,1,2,3,5,6,8,9",7,8,1,"0,1,2,3,5,6,8,9",0,0,0,True,True,False,b036c8b8bddca4676893b6e5886d94a7cfb691cf633e9f94627b698f28e216f6,7ccf69aedf2c4edac2faea626c1b8427a6261444d7e356054e6604c921002d4f,2,True
813,5,8,"0,1,2,3,5,6,7,8,9",4,"0,1,2,3,5,6,7,9",8,8,1,"0,1,2,3,5,6,7,9",0,0,0,True,True,False,e1fdcf42b31a7654af208e3269f766d5c908a08315752d804a3306f4f414dd0e,a27d3d7f3e52ff7e44fe508fba069cf8370a30e676ee4dca7243e33a22248759,2,True
813,5,9,"0,1,2,3,5,6,7,8,9",4,"0,1,2,3,5,6,7,8",9,8,1,"0,1,2,3,5,6,7,8",0,0,0,True,True,False,ca1013d6a710218339260c386f2df606817b9b0e840d92e165b1a7317875bcbd,5a683bb8704be76aab2d979ce65ccafae8d6ed3640d3b6a73ecba666977fce50,2,True
813,6,1,"0,1,2,3,4,6,7,8,9",5,"1,2,3,4,6,7,8,9",0,8,1,"1,2,3,4,6,7,8,9",0,0,0,True,True,False,f2278ad0e221aa624240b36bb38b1a4e78e98db628f148f6daef248eb62452bc,463f46d11bfff7df1c1367ae9ebba6b49aea2cc49f198fab3ad5560b2fab3a0a,2,True
813,6,2,"0,1,2,3,4,6,7,8,9",5,"0,2,3,4,6,7,8,9",1,8,1,"0,2,3,4,6,7,8,9",0,0,0,True,True,False,f8dee28cc3611efb565ecd866a56c3dcae817426bff172bed9fafbb9e8dc3496,fd0e8100d892feb8cd9624347db9fa2f4cc81f9963b93694e90040994ae66255,2,True
813,6,3,"0,1,2,3,4,6,7,8,9",5,"0,1,3,4,6,7,8,9",2,8,1,"0,1,3,4,6,7,8,9",0,0,0,True,True,False,c91c3839e687fd8e8227d6b556f5232f1fb5dde00b4b6a22d0b1012c0d8d0a1b,677d08404c3eee63a488fc40dafc0ec15af3c8567b5ce3424d0f44cfad34c448,2,True
813,6,4,"0,1,2,3,4,6,7,8,9",5,"0,1,2,4,6,7,8,9",3,8,1,"0,1,2,4,6,7,8,9",0,0,0,True,True,False,d3ad960ed3d3ec86fd7f512e9613b3b17ad04c64045359bdfe32a1058b6be7a6,cbed6358f78763f92d8ac99a1e7fffca74157a3d8a4bdd2b5f2ebb11b09e67c6,2,True
813,6,5,"0,1,2,3,4,6,7,8,9",5,"0,1,2,3,6,7,8,9",4,8,1,"0,1,2,3,6,7,8,9",0,0,0,True,True,False,715bae335e7fb8936c65ccbca4046a16f1df097bf991c41f63aa3d03e38c34d9,1cb604e9fdc38a4eae8264b6ebbbe6466b80a958d1a5f81fee2a1950c32567c3,2,True
813,6,6,"0,1,2,3,4,6,7,8,9",5,"0,1,2,3,4,7,8,9",6,8,1,"0,1,2,3,4,7,8,9",0,0,0,True,True,False,d6d292c5f60ee0be4b973eed12b3019eddcb1350a0d762397fe3bd2d83fc1d67,16d36630df6a664b0ac46b90e4c1f784399039a2bdadbeea193c5866301134a5,2,True
813,6,7,"0,1,2,3,4,6,7,8,9",5,"0,1,2,3,4,6,8,9",7,8,1,"0,1,2,3,4,6,8,9",0,0,0,True,True,False,5b6272030b14c2076c218f1ff64e675bff2463495f5f77199e1344f58437f094,43625614e681c9f43b1c1add1c30492d25ad2148c6eac8233021b107d65e4772,2,True
813,6,8,"0,1,2,3,4,6,7,8,9",5,"0,1,2,3,4,6,7,9",8,8,1,"0,1,2,3,4,6,7,9",0,0,0,True,True,False,76d4d459c3b96444f175083e4f75e9f9521ae01126fdaf0d8b51d6bdf83e6975,fed536939c8fd7dfedbfacc3079f49a1fde1a2f58982bb8461e5f71dcb79698f,2,True
813,6,9,"0,1,2,3,4,6,7,8,9",5,"0,1,2,3,4,6,7,8",9,8,1,"0,1,2,3,4,6,7,8",0,0,0,True,True,False,2e6e275864ebc625afede70ea46485b4930628101bd1b85544b80bf449b352c7,cdc05eddc656109efdc13e31399a7f9eceed1b93c2ed489c65b66abb55af00c7,2,True
813,7,1,"0,1,2,3,4,5,7,8,9",6,"1,2,3,4,5,7,8,9",0,8,1,"1,2,3,4,5,7,8,9",0,0,0,True,True,False,7d32700daeb1c75e938a5afb2de98ce4b182676f32c6dcb2c27b31c1f1c61080,c50858e7f18b7db28bf60a2bea6527356bd05690d17c70e0b481b42f2e74ddd4,2,True
813,7,2,"0,1,2,3,4,5,7,8,9",6,"0,2,3,4,5,7,8,9",1,8,1,"0,2,3,4,5,7,8,9",0,0,0,True,True,False,6282f88b1e5dcf0e50ad870deced48ba5ad752876e380786d2820e2284059f99,6f4404d513274befd72aa2e8fd3276e78456d615e035adaa19fd21252edff40b,2,True
813,7,3,"0,1,2,3,4,5,7,8,9",6,"0,1,3,4,5,7,8,9",2,8,1,"0,1,3,4,5,7,8,9",0,0,0,True,True,False,c2a4e6ce682ddc1be76c445d4e90c5decb42be8b1be6ff2d9622e44827af5fef,880fdd3af64ad61af5a73faa649802cac38fb72ee8a7cfc7fa0ca0dcd2c82fc3,2,True
813,7,4,"0,1,2,3,4,5,7,8,9",6,"0,1,2,4,5,7,8,9",3,8,1,"0,1,2,4,5,7,8,9",0,0,0,True,True,False,5bb6aac071aa83cc25d2bcae2152127fceb4cabe2006c132fd51c74be3d4fe32,af3ccb1e55d8c9d01a87551bea1c6dbfa389a911cb00cbee08ef39176edb8a35,2,True
813,7,5,"0,1,2,3,4,5,7,8,9",6,"0,1,2,3,5,7,8,9",4,8,1,"0,1,2,3,5,7,8,9",0,0,0,True,True,False,b90bf52e10a3febea61b4725a34f96acecd7f7e31f5f8626cdfadbcd330e6661,daec4a2593686226a514317be13acd9eb20e241977dd7d02ab2320d0cab71944,2,True
813,7,6,"0,1,2,3,4,5,7,8,9",6,"0,1,2,3,4,7,8,9",5,8,1,"0,1,2,3,4,7,8,9",0,0,0,True,True,False,d6d292c5f60ee0be4b973eed12b3019eddcb1350a0d762397fe3bd2d83fc1d67,7a30eac0d3b3b605dbe87e21a2f651817c0e8255e96dbe3c03514a6b59d89b4a,2,True
813,7,7,"0,1,2,3,4,5,7,8,9",6,"0,1,2,3,4,5,8,9",7,8,1,"0,1,2,3,4,5,8,9",0,0,0,True,True,False,4b58e957754165cdc793b730ca177b2a927fdd84b36b3945e0f3bcbde304576b,c03a5438baa81b8b7115ceedc322d5cee0087cb802872c27ba6d983fb52e19ea,2,True
813,7,8,"0,1,2,3,4,5,7,8,9",6,"0,1,2,3,4,5,7,9",8,8,1,"0,1,2,3,4,5,7,9",0,0,0,True,True,False,266af8084a1b1418031a137eab802f5b439b189bfcafa551ce67bfead97cafc5,847b854bd52013fea6d0b80e7218ca37fef81dfdb4d283186de930c64bc46e36,2,True
813,7,9,"0,1,2,3,4,5,7,8,9",6,"0,1,2,3,4,5,7,8",9,8,1,"0,1,2,3,4,5,7,8",0,0,0,True,True,False,ef325ef60f3ada72bf32d46037b8200c3c13c476799c8df03704a3c7ed0e3d46,58d087b413a6696e51b7ab319eaa15c06f7a44e05214f835b9c7cc830706ef7b,2,True
813,8,1,"0,1,2,3,4,5,6,8,9",7,"1,2,3,4,5,6,8,9",0,8,1,"1,2,3,4,5,6,8,9",0,0,0,True,True,False,b2104b99ecb9d97a7b972b37a31813ed209c5b247c96de1f7a88d8b3a06ac967,6ec196ebd280ab3f7e5bf195f3a11045b204a9b7ea1a69251e6af84e43faa013,2,True
813,8,2,"0,1,2,3,4,5,6,8,9",7,"0,2,3,4,5,6,8,9",1,8,1,"0,2,3,4,5,6,8,9",0,0,0,True,True,False,06a17d8b27439329edc0fd6b7d72ddfe1ed8cce194aefd90185b3c876e40ba43,e0613cbcfd0a80f4717834780a50c9a9582e1c1bd715bc9c5522304df3c80b7d,2,True
813,8,3,"0,1,2,3,4,5,6,8,9",7,"0,1,3,4,5,6,8,9",2,8,1,"0,1,3,4,5,6,8,9",0,0,0,True,True,False,dba9dc236a8a9342b801af188ed3395ccfcc81b75bdc11c3e65cb53a89bdfa0f,869477e61fc3541b09687e3be5573297414dcf41a0c5864938b161bf0922e8ad,2,True
813,8,4,"0,1,2,3,4,5,6,8,9",7,"0,1,2,4,5,6,8,9",3,8,1,"0,1,2,4,5,6,8,9",0,0,0,True,True,False,e702b97f0a7e77f91f1d6aa9eeefcfd28d24957b858e0b97dad21b0a0198c40c,13d7811050dd113009c184318acc71dcf93b864d94474e467976e4ae5d325c26,2,True
813,8,5,"0,1,2,3,4,5,6,8,9",7,"0,1,2,3,5,6,8,9",4,8,1,"0,1,2,3,5,6,8,9",0,0,0,True,True,False,b036c8b8bddca4676893b6e5886d94a7cfb691cf633e9f94627b698f28e216f6,1b80b3eb475c0a5095e67e679167ae66b98fd2d764490a092e146914011b8444,2,True
813,8,6,"0,1,2,3,4,5,6,8,9",7,"0,1,2,3,4,6,8,9",5,8,1,"0,1,2,3,4,6,8,9",0,0,0,True,True,False,5b6272030b14c2076c218f1ff64e675bff2463495f5f77199e1344f58437f094,3617168fd42cf8e751625be3fdf5b8d58a73bd0d4edf2744b031575deecc6334,2,True
813,8,7,"0,1,2,3,4,5,6,8,9",7,"0,1,2,3,4,5,8,9",6,8,1,"0,1,2,3,4,5,8,9",0,0,0,True,True,False,4b58e957754165cdc793b730ca177b2a927fdd84b36b3945e0f3bcbde304576b,325c4e16fc5400fb5ede2160589afc4cb0d3943cc729fdb01ac6c3dd1452f49d,2,True
813,8,8,"0,1,2,3,4,5,6,8,9",7,"0,1,2,3,4,5,6,9",8,8,1,"0,1,2,3,4,5,6,9",0,0,0,True,True,False,91cd3f4fa2df591a1f19784eaf45c2ef85e47ec6f6c648250cc1a6abdb07e999,bd12fb2127578eedb9eeeef5d99aeccced3f5c78b6ee5550ec0ae1bec53478cf,2,True
813,8,9,"0,1,2,3,4,5,6,8,9",7,"0,1,2,3,4,5,6,8",9,8,1,"0,1,2,3,4,5,6,8",0,0,0,True,True,False,53c7fdc24c5426a71023fca8314fc31a485fc00049ef7036ce399780eda74765,5ddd4985f6cf0bdcd421447abc62889c529a8854897705390a409f9378e92a5b,2,True
813,9,1,"0,1,2,3,4,5,6,7,9",8,"1,2,3,4,5,6,7,9",0,8,1,"1,2,3,4,5,6,7,9",0,0,0,True,True,False,8a0042e97c6bb01bfe361838f71c48965a957a4d415fda37eb7ff537b2b96584,d037c30dfe6f0a543e17ef3050a42a42b36b299848738c07b39a4068823a4207,2,True
813,9,2,"0,1,2,3,4,5,6,7,9",8,"0,2,3,4,5,6,7,9",1,8,1,"0,2,3,4,5,6,7,9",0,0,0,True,True,False,840e577614675b9db9769c66b69460fe8cee97a791156421af554e3150fe943b,3154ee3322f8ddd437a581b3de374b5f39e51e0c0ffa4695d108f37ecf8faac6,2,True
813,9,3,"0,1,2,3,4,5,6,7,9",8,"0,1,3,4,5,6,7,9",2,8,1,"0,1,3,4,5,6,7,9",0,0,0,True,True,False,bcc78a6a0d40470ad91362cb457052607862ccda057759cbda943c5d75c5084f,5cd8f204572f75455e3310d5fdfb3582813ddbcf956640229e6e517adb7c1610,2,True
813,9,4,"0,1,2,3,4,5,6,7,9",8,"0,1,2,4,5,6,7,9",3,8,1,"0,1,2,4,5,6,7,9",0,0,0,True,True,False,50b5a5a4695aa581d56dfb4e999dc73b0f6e5a619dc5a6428d5c4aeaa6673c64,5ff4ab723074513d3e0ada8c39520d1559a85f436f1dd03e0d87ca6809f3c2f6,2,True
813,9,5,"0,1,2,3,4,5,6,7,9",8,"0,1,2,3,5,6,7,9",4,8,1,"0,1,2,3,5,6,7,9",0,0,0,True,True,False,e1fdcf42b31a7654af208e3269f766d5c908a08315752d804a3306f4f414dd0e,c9e9610f1ca051e6ce9149f97d9e8c17f8fd9b32bb0409accda9255b9954096e,2,True
813,9,6,"0,1,2,3,4,5,6,7,9",8,"0,1,2,3,4,6,7,9",5,8,1,"0,1,2,3,4,6,7,9",0,0,0,True,True,False,76d4d459c3b96444f175083e4f75e9f9521ae01126fdaf0d8b51d6bdf83e6975,4029fe641b4916bbbed8e4f7b283a8e946968e1b1de38b252af9361c5c0a2ccc,2,True
813,9,7,"0,1,2,3,4,5,6,7,9",8,"0,1,2,3,4,5,7,9",6,8,1,"0,1,2,3,4,5,7,9",0,0,0,True,True,False,266af8084a1b1418031a137eab802f5b439b189bfcafa551ce67bfead97cafc5,32f1699167bb5ade8f16c7a675ae45f6dfb28be21f8efc4c094ca7072a94da96,2,True
813,9,8,"0,1,2,3,4,5,6,7,9",8,"0,1,2,3,4,5,6,9",7,8,1,"0,1,2,3,4,5,6,9",0,0,0,True,True,False,91cd3f4fa2df591a1f19784eaf45c2ef85e47ec6f6c648250cc1a6abdb07e999,7c3b16e6e2c39615e8f8b8fdd501c187763ef4a51eb075bc7eaf1d2b3256b8ba,2,True
813,9,9,"0,1,2,3,4,5,6,7,9",8,"0,1,2,3,4,5,6,7",9,8,1,"0,1,2,3,4,5,6,7",0,0,0,True,True,False,5bd6d8a607c81e31791d833d54e61b0365636ecec15acb0cc7f0397e3687de70,7fd54ce32d8feccb62871e88b0885736df5f6c7d45cfad297082167f6da8adb0,2,True
813,10,1,"0,1,2,3,4,5,6,7,8",9,"1,2,3,4,5,6,7,8",0,8,1,"1,2,3,4,5,6,7,8",0,0,0,True,True,False,60b55fab3f7dab5ec950218605ea77380db6168771dfe2498eb5308ea79e7420,39fd88455a4ac87e410947b4d3e9951c474ce065700fe5a272952765799ca100,2,True
813,10,2,"0,1,2,3,4,5,6,7,8",9,"0,2,3,4,5,6,7,8",1,8,1,"0,2,3,4,5,6,7,8",0,0,0,True,True,False,ae33365f774c239959e31994f2672a7febe0c72f7cd116928109694ba8d898d8,3e2ecfffd9bb79e873403d05a1ca90bde410c159adb7bca51a9c86c70841e1ff,2,True
813,10,3,"0,1,2,3,4,5,6,7,8",9,"0,1,3,4,5,6,7,8",2,8,1,"0,1,3,4,5,6,7,8",0,0,0,True,True,False,b20f5784edc248eb1376644173736f0b4181637578c693e2255595e49e8c3d68,01e463a91f103f461a90bdd6e2969452a9136bb62d050e81b17704a3594dbf12,2,True
813,10,4,"0,1,2,3,4,5,6,7,8",9,"0,1,2,4,5,6,7,8",3,8,1,"0,1,2,4,5,6,7,8",0,0,0,True,True,False,20cce2b994135e811541253094ddb9ed90a984fae95d963efb58f8485cbcdeb9,596515b12eefa3683ad07428b00f08b4e04533bfa3c13f2a810bcb5357d3a355,2,True
813,10,5,"0,1,2,3,4,5,6,7,8",9,"0,1,2,3,5,6,7,8",4,8,1,"0,1,2,3,5,6,7,8",0,0,0,True,True,False,ca1013d6a710218339260c386f2df606817b9b0e840d92e165b1a7317875bcbd,295ab78210a050be04371fb4f135056d2a97661ec6cb40eb27af163204723fe7,2,True
813,10,6,"0,1,2,3,4,5,6,7,8",9,"0,1,2,3,4,6,7,8",5,8,1,"0,1,2,3,4,6,7,8",0,0,0,True,True,False,2e6e275864ebc625afede70ea46485b4930628101bd1b85544b80bf449b352c7,d7601dbd6f53d05a7b4d8a7d0c504eeb6fe4ea4f5e6f0fe1444d58ea2465400a,2,True
813,10,7,"0,1,2,3,4,5,6,7,8",9,"0,1,2,3,4,5,7,8",6,8,1,"0,1,2,3,4,5,7,8",0,0,0,True,True,False,ef325ef60f3ada72bf32d46037b8200c3c13c476799c8df03704a3c7ed0e3d46,f1a9bdd9f1c8c67b48cf8427a26953d64f2745ef55b8a8982f15ff8fb8933b7a,2,True
813,10,8,"0,1,2,3,4,5,6,7,8",9,"0,1,2,3,4,5,6,8",7,8,1,"0,1,2,3,4,5,6,8",0,0,0,True,True,False,53c7fdc24c5426a71023fca8314fc31a485fc00049ef7036ce399780eda74765,e0db7dc39bdcf0b8694bab561a3f11e111ad982d3946e287c246f413272fe274,2,True
813,10,9,"0,1,2,3,4,5,6,7,8",9,"0,1,2,3,4,5,6,7",8,8,1,"0,1,2,3,4,5,6,7",0,0,0,True,True,False,5bd6d8a607c81e31791d833d54e61b0365636ecec15acb0cc7f0397e3687de70,a75b5085e2c738492f962a45ca07277aec2ddf42b86c93dbcae42def3cd0b5b6,2,True
817,1,1,"2,3,4,5,6,7,8,9,10,11,12,13,14,15,16,17,18,19","0,1","4,5,6,7,8,9,10,11,12,13,14,15,16,17,18,19","2,3",16,2,"4,5,6,7,8,9,10,11,12,13,14,15,16,17,18,19",0,0,0,True,True,False,4183cafcd557cca3b55ffa90661b07585a2b90e65dfc41a6bbee15fbb86c7205,de5b30d75093b3e81e4de847e6753c121220875a64fc69c420ac0538cc004850,2,True
817,1,2,"2,3,4,5,6,7,8,9,10,11,12,13,14,15,16,17,18,19","0,1","2,3,6,7,8,9,10,11,12,13,14,15,16,17,18,19","4,5",16,2,"2,3,6,7,8,9,10,11,12,13,14,15,16,17,18,19",0,0,0,True,True,False,ee09b86877b61baeee85c1e81ce7c07afdc679353eebf9d13a9245bc55ae09a3,2744d04294b4b2075cffbb6d5403d652fea5580b518217c9d7a4121d5fdab49f,2,True
817,1,3,"2,3,4,5,6,7,8,9,10,11,12,13,14,15,16,17,18,19","0,1","2,3,4,5,8,9,10,11,12,13,14,15,16,17,18,19","6,7",16,2,"2,3,4,5,8,9,10,11,12,13,14,15,16,17,18,19",0,0,0,True,True,False,4ee24cd8c960ecbd54e064c314e6ebff7b69bde6a9a661d06fb4ec1a459080eb,01aeabe3215a85711b617a19ae0c68d4d9f455d02594b1d35707a2757611a883,2,True
817,1,4,"2,3,4,5,6,7,8,9,10,11,12,13,14,15,16,17,18,19","0,1","2,3,4,5,6,7,10,11,12,13,14,15,16,17,18,19","8,9",16,2,"2,3,4,5,6,7,10,11,12,13,14,15,16,17,18,19",0,0,0,True,True,False,e265efe4a7c8f67d7ecccecbb9be4dd038f19110115e1bfd02a5f014a6a67fda,df22a1a47416990a2b059f433036d468e8dd15e3ee0010567fbefbf8f052eb6d,2,True
817,1,5,"2,3,4,5,6,7,8,9,10,11,12,13,14,15,16,17,18,19","0,1","2,3,4,5,6,7,8,9,12,13,14,15,16,17,18,19","10,11",16,2,"2,3,4,5,6,7,8,9,12,13,14,15,16,17,18,19",0,0,0,True,True,False,4115e5bd9107d3bf5ab0c9cd1d10c201e85be4b3828e5929ee9f0967381f9d31,e51f163fe47c0b9fec81197e16ef42b303cb4906c9402f67af20d3cb251abc29,2,True
817,1,6,"2,3,4,5,6,7,8,9,10,11,12,13,14,15,16,17,18,19","0,1","2,3,4,5,6,7,8,9,10,11,14,15,16,17,18,19","12,13",16,2,"2,3,4,5,6,7,8,9,10,11,14,15,16,17,18,19",0,0,0,True,True,False,edfa302bc16f828e9e06e281e4ed68f8e59d660bac68623724c00685f446351d,c2391dcc20c78d96061307d97c1917568e6ab0d18906e5430b2789e15dc88ca1,2,True
817,1,7,"2,3,4,5,6,7,8,9,10,11,12,13,14,15,16,17,18,19","0,1","2,3,4,5,6,7,8,9,10,11,12,13,16,17,18,19","14,15",16,2,"2,3,4,5,6,7,8,9,10,11,12,13,16,17,18,19",0,0,0,True,True,False,218008a18c3673ec5b2cd522dddfdbbdb6a5af9507b221e4abd3edc03a8085aa,166e45b06b885119930eb65d0b098b2e7190e34e019b4365783107e6f0c90eca,2,True
817,1,8,"2,3,4,5,6,7,8,9,10,11,12,13,14,15,16,17,18,19","0,1","2,3,4,5,6,7,8,9,10,11,12,13,14,15,18,19","16,17",16,2,"2,3,4,5,6,7,8,9,10,11,12,13,14,15,18,19",0,0,0,True,True,False,0118697121f525da2cdc49f283c5601b6c8761d3010897e6beed43f5b8c5e313,5d0e8f2bc615a1bbcf9b2b786b85036a46f6c4235d3a6aae2e33ce20f59c611d,2,True
817,1,9,"2,3,4,5,6,7,8,9,10,11,12,13,14,15,16,17,18,19","0,1","2,3,4,5,6,7,8,9,10,11,12,13,14,15,16,17,19",18,17,1,"2,3,4,5,6,7,8,9,10,11,12,13,14,15,16,17,19",0,0,0,True,True,False,d7b667436c6467919727e439e8de0bf99cd7e5dad762601102c0fb8fdeb8e0ad,1c54fed5d1e8d86c4d339c3b1663cc46cd4ffd0466af98e164665e0050a78c4e,1,False
817,1,10,"2,3,4,5,6,7,8,9,10,11,12,13,14,15,16,17,18,19","0,1","2,3,4,5,6,7,8,9,10,11,12,13,14,15,16,17,18",19,17,1,"2,3,4,5,6,7,8,9,10,11,12,13,14,15,16,17,18",0,0,0,True,True,False,586148010c9e3966af28f970b3922eb66e4239fa8b8dcebf6433d2b1db0c0fbc,4d877936d03e68ccca36f215981c5860df74f296decf558ec346be29ccd2df42,1,False
817,2,1,"0,1,4,5,6,7,8,9,10,11,12,13,14,15,16,17,18,19","2,3","4,5,6,7,8,9,10,11,12,13,14,15,16,17,18,19","0,1",16,2,"4,5,6,7,8,9,10,11,12,13,14,15,16,17,18,19",0,0,0,True,True,False,4183cafcd557cca3b55ffa90661b07585a2b90e65dfc41a6bbee15fbb86c7205,32925faf28b95ccbdb981fb6bd0813d53151fc75cabb8f19b46fbf40c8035310,2,True
817,2,2,"0,1,4,5,6,7,8,9,10,11,12,13,14,15,16,17,18,19","2,3","0,1,6,7,8,9,10,11,12,13,14,15,16,17,18,19","4,5",16,2,"0,1,6,7,8,9,10,11,12,13,14,15,16,17,18,19",0,0,0,True,True,False,f07421a4f6bcc238904b08b1c3fb16fdd5a1a4ce01d0aad90836194f72fdc496,cf60f8a5445b19a43b6d4b34ee4a201cff0d07a4d63005a200c0a8718094d54d,2,True
817,2,3,"0,1,4,5,6,7,8,9,10,11,12,13,14,15,16,17,18,19","2,3","0,1,4,5,8,9,10,11,12,13,14,15,16,17,18,19","6,7",16,2,"0,1,4,5,8,9,10,11,12,13,14,15,16,17,18,19",0,0,0,True,True,False,647daf2e8b711e505bea9425d61f86313917423758f33e72401551cd52845266,62ff9289ecfb9dc7792a7ea091ffa66bba0aeca92a144d5fbc4cf6b4f87c09aa,2,True
817,2,4,"0,1,4,5,6,7,8,9,10,11,12,13,14,15,16,17,18,19","2,3","0,1,4,5,6,7,10,11,12,13,14,15,16,17,18,19","8,9",16,2,"0,1,4,5,6,7,10,11,12,13,14,15,16,17,18,19",0,0,0,True,True,False,31e1d0ff79bb809326ff6ff27db7aec49610c5b0a66922473b482f0e1fe6d69b,15e5d2d1da05375cba68c234f125926042059ebff17125876c06149c153f8dbf,2,True
817,2,5,"0,1,4,5,6,7,8,9,10,11,12,13,14,15,16,17,18,19","2,3","0,1,4,5,6,7,8,9,12,13,14,15,16,17,18,19","10,11",16,2,"0,1,4,5,6,7,8,9,12,13,14,15,16,17,18,19",0,0,0,True,True,False,7bc51309eedf36fffab048c02d3e68d2144a3435296d145d2693da3aec04666d,dced125f644487666c737cb525bae1f52129e2fd21e5fcb3b707c37f291e9036,2,True
817,2,6,"0,1,4,5,6,7,8,9,10,11,12,13,14,15,16,17,18,19","2,3","0,1,4,5,6,7,8,9,10,11,14,15,16,17,18,19","12,13",16,2,"0,1,4,5,6,7,8,9,10,11,14,15,16,17,18,19",0,0,0,True,True,False,23d85608498902a2d6e2607b44b995c02e05a09855afc9200411cdf7e1f0aa8e,c11bc55e8775d2a34e46b00f295bab0447c7ce71ab74e3afb55955cfdb32082e,2,True
817,2,7,"0,1,4,5,6,7,8,9,10,11,12,13,14,15,16,17,18,19","2,3","0,1,4,5,6,7,8,9,10,11,12,13,16,17,18,19","14,15",16,2,"0,1,4,5,6,7,8,9,10,11,12,13,16,17,18,19",0,0,0,True,True,False,94b6732fdf80ba6fcdae03875105197283c99d1714d1e6944904c6039e154421,073e2b5405742686b94fa9a6923b939f533752c52a546aa23dbe32a5362eec28,2,True
817,2,8,"0,1,4,5,6,7,8,9,10,11,12,13,14,15,16,17,18,19","2,3","0,1,4,5,6,7,8,9,10,11,12,13,14,15,18,19","16,17",16,2,"0,1,4,5,6,7,8,9,10,11,12,13,14,15,18,19",0,0,0,True,True,False,89368e6d1001761397600b77b09cfaf4324db6bd8e8ebcb75846eb334bac43ee,7209b164a14d767f74d978061a417f2038b9c246ac21b98b91b8f116b1662e45,2,True
817,2,9,"0,1,4,5,6,7,8,9,10,11,12,13,14,15,16,17,18,19","2,3","0,1,4,5,6,7,8,9,10,11,12,13,14,15,16,17,19",18,17,1,"0,1,4,5,6,7,8,9,10,11,12,13,14,15,16,17,19",0,0,0,True,True,False,bab30dfcc2096cef4cbdf69e0e169fc60f57c829dd25f233cf2a7f138e735e5f,94b127cf0ca5ede32d947087fa7b9ddee2b7cab32871fa7c350bf8f236e41f4a,1,False
817,2,10,"0,1,4,5,6,7,8,9,10,11,12,13,14,15,16,17,18,19","2,3","0,1,4,5,6,7,8,9,10,11,12,13,14,15,16,17,18",19,17,1,"0,1,4,5,6,7,8,9,10,11,12,13,14,15,16,17,18",0,0,0,True,True,False,4ed4f173a216af1edb1238ae51a2175b4ad85af36a7b975eac84b91d2ca297f3,2ec0e151fbebf821fa00b039b592815baebc36b25b9cfed10dd281209a10d749,1,False
817,3,1,"0,1,2,3,6,7,8,9,10,11,12,13,14,15,16,17,18,19","4,5","2,3,6,7,8,9,10,11,12,13,14,15,16,17,18,19","0,1",16,2,"2,3,6,7,8,9,10,11,12,13,14,15,16,17,18,19",0,0,0,True,True,False,ee09b86877b61baeee85c1e81ce7c07afdc679353eebf9d13a9245bc55ae09a3,b657166fab3a225f6bd808e6d9fb89cdecea763d80e88e8c7639359a5f3afe2e,2,True
817,3,2,"0,1,2,3,6,7,8,9,10,11,12,13,14,15,16,17,18,19","4,5","0,1,6,7,8,9,10,11,12,13,14,15,16,17,18,19","2,3",16,2,"0,1,6,7,8,9,10,11,12,13,14,15,16,17,18,19",0,0,0,True,True,False,f07421a4f6bcc238904b08b1c3fb16fdd5a1a4ce01d0aad90836194f72fdc496,52ae4a1d9c214a99a672ef1ba3562e2838a79f0f934774c263046e56c0fa33bc,2,True
817,3,3,"0,1,2,3,6,7,8,9,10,11,12,13,14,15,16,17,18,19","4,5","0,1,2,3,8,9,10,11,12,13,14,15,16,17,18,19","6,7",16,2,"0,1,2,3,8,9,10,11,12,13,14,15,16,17,18,19",0,0,0,True,True,False,fa2cd35cf3256e9894a3e08b22d92409ed3eccfe96ea3fc0bbf62d724f9f7bc9,5ecd64806c96aa83afc0ababb5e1a9606b90bdc17fb32e827696ca78dbd3120c,2,True
817,3,4,"0,1,2,3,6,7,8,9,10,11,12,13,14,15,16,17,18,19","4,5","0,1,2,3,6,7,10,11,12,13,14,15,16,17,18,19","8,9",16,2,"0,1,2,3,6,7,10,11,12,13,14,15,16,17,18,19",0,0,0,True,True,False,c7509019d360e7bb2b6e9b1f7ebb5b01a8d1b59d9d5544dab61d7d34a843488a,78c58c947dbee592a0d96fd27aad71876e3324f44c71b336b91f5edae3b5785a,2,True
817,3,5,"0,1,2,3,6,7,8,9,10,11,12,13,14,15,16,17,18,19","4,5","0,1,2,3,6,7,8,9,12,13,14,15,16,17,18,19","10,11",16,2,"0,1,2,3,6,7,8,9,12,13,14,15,16,17,18,19",0,0,0,True,True,False,96167ad788b6688582992f28519d385a8df41525618876c405a75e43125226a2,3a680bd8da91c4c60150ce007408a68f21ca08c4ae958fdd1006641c02940f5b,2,True
817,3,6,"0,1,2,3,6,7,8,9,10,11,12,13,14,15,16,17,18,19","4,5","0,1,2,3,6,7,8,9,10,11,14,15,16,17,18,19","12,13",16,2,"0,1,2,3,6,7,8,9,10,11,14,15,16,17,18,19",0,0,0,True,True,False,99cbee1f6a06d2adf2681b6287fc871f48455926b1b40147717b4c8d48192562,463904449ce2190d3494bbdb76f13ad0498de360db274743d8ef624952e4e197,2,True
817,3,7,"0,1,2,3,6,7,8,9,10,11,12,13,14,15,16,17,18,19","4,5","0,1,2,3,6,7,8,9,10,11,12,13,16,17,18,19","14,15",16,2,"0,1,2,3,6,7,8,9,10,11,12,13,16,17,18,19",0,0,0,True,True,False,b93ab17ec1848038f72b25a13484b69de8ce1b9a017ba897c9031bfea02cc8d1,f3ffb3a4d2de39895346861e7cad1e07c3d50b9f92caf87b38c1093ca95d7367,2,True
817,3,8,"0,1,2,3,6,7,8,9,10,11,12,13,14,15,16,17,18,19","4,5","0,1,2,3,6,7,8,9,10,11,12,13,14,15,18,19","16,17",16,2,"0,1,2,3,6,7,8,9,10,11,12,13,14,15,18,19",0,0,0,True,True,False,bbb011c485920c055c9b090ae1db9f879db131f4462332c45854bffe454ece96,4bc5882a9e059e4bcf5282748759ce191bbaca94449c1f826614d23a2cb15ddf,2,True
817,3,9,"0,1,2,3,6,7,8,9,10,11,12,13,14,15,16,17,18,19","4,5","0,1,2,3,6,7,8,9,10,11,12,13,14,15,16,17,19",18,17,1,"0,1,2,3,6,7,8,9,10,11,12,13,14,15,16,17,19",0,0,0,True,True,False,f4f1874de737a9381613a587bc0f162ff708309ec646631c2771ccfa22795d60,f29a2826d4731ee37be41b0e55185402605aca2a4da7fbc1033299e15bdce449,1,False
817,3,10,"0,1,2,3,6,7,8,9,10,11,12,13,14,15,16,17,18,19","4,5","0,1,2,3,6,7,8,9,10,11,12,13,14,15,16,17,18",19,17,1,"0,1,2,3,6,7,8,9,10,11,12,13,14,15,16,17,18",0,0,0,True,True,False,cf68f02dec83e20e0b0b5e7565c328322859f7b26739142ceae6be31eeef1431,a077c7c3eb095cba124244a708daf8123977931e7c7932756ec3991e6a6ed32e,1,False
817,4,1,"0,1,2,3,4,5,8,9,10,11,12,13,14,15,16,17,18,19","6,7","2,3,4,5,8,9,10,11,12,13,14,15,16,17,18,19","0,1",16,2,"2,3,4,5,8,9,10,11,12,13,14,15,16,17,18,19",0,0,0,True,True,False,4ee24cd8c960ecbd54e064c314e6ebff7b69bde6a9a661d06fb4ec1a459080eb,55ca41580bd9e1d8027e60e5fc9da69ff941e8a8d67129fbce3f46b79681b65b,2,True
817,4,2,"0,1,2,3,4,5,8,9,10,11,12,13,14,15,16,17,18,19","6,7","0,1,4,5,8,9,10,11,12,13,14,15,16,17,18,19","2,3",16,2,"0,1,4,5,8,9,10,11,12,13,14,15,16,17,18,19",0,0,0,True,True,False,647daf2e8b711e505bea9425d61f86313917423758f33e72401551cd52845266,755664695a78f5a570ee14edbea6a0f9c9f78ce3fa030e921bf46b60df0e01be,2,True
817,4,3,"0,1,2,3,4,5,8,9,10,11,12,13,14,15,16,17,18,19","6,7","0,1,2,3,8,9,10,11,12,13,14,15,16,17,18,19","4,5",16,2,"0,1,2,3,8,9,10,11,12,13,14,15,16,17,18,19",0,0,0,True,True,False,fa2cd35cf3256e9894a3e08b22d92409ed3eccfe96ea3fc0bbf62d724f9f7bc9,460ab4845b8c439320219b3e693fb5ae96ed166516aeed4bbb01e5d6531f69cf,2,True
817,4,4,"0,1,2,3,4,5,8,9,10,11,12,13,14,15,16,17,18,19","6,7","0,1,2,3,4,5,10,11,12,13,14,15,16,17,18,19","8,9",16,2,"0,1,2,3,4,5,10,11,12,13,14,15,16,17,18,19",0,0,0,True,True,False,3a784b662a31db8e5bb02a2443eff375a2a9acf5c55deb0f5c8d2ab05fdc5ccc,95d420e16af1026b16a40b68c70d7abb4bb438c2a47d0d7727eee6ad445483b7,2,True
817,4,5,"0,1,2,3,4,5,8,9,10,11,12,13,14,15,16,17,18,19","6,7","0,1,2,3,4,5,8,9,12,13,14,15,16,17,18,19","10,11",16,2,"0,1,2,3,4,5,8,9,12,13,14,15,16,17,18,19",0,0,0,True,True,False,ff423771992190f55f2e2c4dcf515a53ba015e0f3ae75986c1926981c58a9245,4ef0f087eb1bd4ba6691b049f2c4856fbd665b007bc2307b9a083499b0d2bec2,2,True
817,4,6,"0,1,2,3,4,5,8,9,10,11,12,13,14,15,16,17,18,19","6,7","0,1,2,3,4,5,8,9,10,11,14,15,16,17,18,19","12,13",16,2,"0,1,2,3,4,5,8,9,10,11,14,15,16,17,18,19",0,0,0,True,True,False,d0b90bf0b73c9d27eb450c452323e05e6def1952c071896b62335f8aa85e22ab,ae4bf21b742d93e8304bf7a2ac9fa3aa83838d0ca2845f898f30388207ccb697,2,True
817,4,7,"0,1,2,3,4,5,8,9,10,11,12,13,14,15,16,17,18,19","6,7","0,1,2,3,4,5,8,9,10,11,12,13,16,17,18,19","14,15",16,2,"0,1,2,3,4,5,8,9,10,11,12,13,16,17,18,19",0,0,0,True,True,False,7850559711494b30aeb930f5fe0b91bb2a525d3dae3526e11796ea8279fbf68c,ddfe0c39c11856c6f09cae08bf31c4292846e694b80767759d3bd4540cf18c27,2,True
817,4,8,"0,1,2,3,4,5,8,9,10,11,12,13,14,15,16,17,18,19","6,7","0,1,2,3,4,5,8,9,10,11,12,13,14,15,18,19","16,17",16,2,"0,1,2,3,4,5,8,9,10,11,12,13,14,15,18,19",0,0,0,True,True,False,61a82d4e2d3d1ca12bb5d9700b3c363b154eb907d3715643a34e686fa682c0a6,349143dca9cfb7da02c2723e3ec70abd3e0c8d6a5d70f63169a3d7b5ecc3c690,2,True
817,4,9,"0,1,2,3,4,5,8,9,10,11,12,13,14,15,16,17,18,19","6,7","0,1,2,3,4,5,8,9,10,11,12,13,14,15,16,17,19",18,17,1,"0,1,2,3,4,5,8,9,10,11,12,13,14,15,16,17,19",0,0,0,True,True,False,d2c24087409eb6e0b3d86c7b5174b526d45a4317a21878dc3013a6af65ab7a93,60051cc05ca828fc2f166d6217db7659475733fa77dcb62d06d9cd7b0c1714a6,1,False
817,4,10,"0,1,2,3,4,5,8,9,10,11,12,13,14,15,16,17,18,19","6,7","0,1,2,3,4,5,8,9,10,11,12,13,14,15,16,17,18",19,17,1,"0,1,2,3,4,5,8,9,10,11,12,13,14,15,16,17,18",0,0,0,True,True,False,1095d57602a4e0a42aafa6d94cebfb4ce1c07f4f1ae0cfbf738c74078c506f2c,f746a3c4edadd3c3d5ed3df378860e901ce4ff17bdf48b16f5fabbbccd2c30fd,1,False
817,5,1,"0,1,2,3,4,5,6,7,10,11,12,13,14,15,16,17,18,19","8,9","2,3,4,5,6,7,10,11,12,13,14,15,16,17,18,19","0,1",16,2,"2,3,4,5,6,7,10,11,12,13,14,15,16,17,18,19",0,0,0,True,True,False,e265efe4a7c8f67d7ecccecbb9be4dd038f19110115e1bfd02a5f014a6a67fda,8089a622a9774e39d38b68606e8747b1ca3b3e31fda53eb5f59b41f519bc1b80,2,True
817,5,2,"0,1,2,3,4,5,6,7,10,11,12,13,14,15,16,17,18,19","8,9","0,1,4,5,6,7,10,11,12,13,14,15,16,17,18,19","2,3",16,2,"0,1,4,5,6,7,10,11,12,13,14,15,16,17,18,19",0,0,0,True,True,False,31e1d0ff79bb809326ff6ff27db7aec49610c5b0a66922473b482f0e1fe6d69b,fb0c858a9b3e985987f758d2c46967b6903ba9f2db9a73d2a2a565b16faff329,2,True
817,5,3,"0,1,2,3,4,5,6,7,10,11,12,13,14,15,16,17,18,19","8,9","0,1,2,3,6,7,10,11,12,13,14,15,16,17,18,19","4,5",16,2,"0,1,2,3,6,7,10,11,12,13,14,15,16,17,18,19",0,0,0,True,True,False,c7509019d360e7bb2b6e9b1f7ebb5b01a8d1b59d9d5544dab61d7d34a843488a,617936470211c889371fc117ec73c20cde8dae23574e9f63441e036d5f2adb52,2,True
817,5,4,"0,1,2,3,4,5,6,7,10,11,12,13,14,15,16,17,18,19","8,9","0,1,2,3,4,5,10,11,12,13,14,15,16,17,18,19","6,7",16,2,"0,1,2,3,4,5,10,11,12,13,14,15,16,17,18,19",0,0,0,True,True,False,3a784b662a31db8e5bb02a2443eff375a2a9acf5c55deb0f5c8d2ab05fdc5ccc,bedb8e4e882d735241be63444c797567291a3f3059b0812fa261fb7c583e5044,2,True
817,5,5,"0,1,2,3,4,5,6,7,10,11,12,13,14,15,16,17,18,19","8,9","0,1,2,3,4,5,6,7,12,13,14,15,16,17,18,19","10,11",16,2,"0,1,2,3,4,5,6,7,12,13,14,15,16,17,18,19",0,0,0,True,True,False,b42c49a32813201e9c560d4fcdf56407d70217f4807b35974d825f5db77e293c,b1ebd4a84d0bec9871dce3c0fc82310b2b25850ef592b8cfbd523323605376cd,2,True
817,5,6,"0,1,2,3,4,5,6,7,10,11,12,13,14,15,16,17,18,19","8,9","0,1,2,3,4,5,6,7,10,11,14,15,16,17,18,19","12,13",16,2,"0,1,2,3,4,5,6,7,10,11,14,15,16,17,18,19",0,0,0,True,True,False,8dec4f82a40e07f0901db5d5456683cc676a8a833934360a7451118dd831e77d,a2b1cce1ccd3fc7fd40b784dc177832daa7431aebf8fe4820591568ba021dc8b,2,True
817,5,7,"0,1,2,3,4,5,6,7,10,11,12,13,14,15,16,17,18,19","8,9","0,1,2,3,4,5,6,7,10,11,12,13,16,17,18,19","14,15",16,2,"0,1,2,3,4,5,6,7,10,11,12,13,16,17,18,19",0,0,0,True,True,False,84d00f5b99e36392571c0f6de98d0bfc7caabac9e9ad2069e6d5c2bbb43210db,cc7f99a0b20f587375ddba4759502201ceacf69ca5527a8820dd95a199625372,2,True
817,5,8,"0,1,2,3,4,5,6,7,10,11,12,13,14,15,16,17,18,19","8,9","0,1,2,3,4,5,6,7,10,11,12,13,14,15,18,19","16,17",16,2,"0,1,2,3,4,5,6,7,10,11,12,13,14,15,18,19",0,0,0,True,True,False,a889ba30c5f1fb2ccb39823d7b86569fdd370a2de4d1cf8603aeedcfc09bc3ec,7c63d86076f9df1dbb67c88ff7b7b53bd7429127f7bf4fee3978529de14a5ac0,2,True
817,5,9,"0,1,2,3,4,5,6,7,10,11,12,13,14,15,16,17,18,19","8,9","0,1,2,3,4,5,6,7,10,11,12,13,14,15,16,17,19",18,17,1,"0,1,2,3,4,5,6,7,10,11,12,13,14,15,16,17,19",0,0,0,True,True,False,15e5ebd6cb492ad033dc24e8d5b47051e16b11ef278b42c8db9866a9afde9615,9cb4a9caef8119d24d2920be869b198195c64ac1c16d51023145485309742fb1,1,False
817,5,10,"0,1,2,3,4,5,6,7,10,11,12,13,14,15,16,17,18,19","8,9","0,1,2,3,4,5,6,7,10,11,12,13,14,15,16,17,18",19,17,1,"0,1,2,3,4,5,6,7,10,11,12,13,14,15,16,17,18",0,0,0,True,True,False,4d6341de1c9c04dd1977a76dd512fd3e71cc950ec36b8015552b8d17eb30b51f,c8122d164a00028a3a7a5fa952ae7a6cd0cba0f5ac451b0a5576870f04629117,1,False
817,6,1,"0,1,2,3,4,5,6,7,8,9,12,13,14,15,16,17,18,19","10,11","2,3,4,5,6,7,8,9,12,13,14,15,16,17,18,19","0,1",16,2,"2,3,4,5,6,7,8,9,12,13,14,15,16,17,18,19",0,0,0,True,True,False,4115e5bd9107d3bf5ab0c9cd1d10c201e85be4b3828e5929ee9f0967381f9d31,fe7f5eb45cd35a0b08c3aa7451f8573c5f4b4eb20629d3043fc04eb5d41138cb,2,True
817,6,2,"0,1,2,3,4,5,6,7,8,9,12,13,14,15,16,17,18,19","10,11","0,1,4,5,6,7,8,9,12,13,14,15,16,17,18,19","2,3",16,2,"0,1,4,5,6,7,8,9,12,13,14,15,16,17,18,19",0,0,0,True,True,False,7bc51309eedf36fffab048c02d3e68d2144a3435296d145d2693da3aec04666d,e3279145cbfd10a1a934362520231a3805704a3d79a3454170d04d8c0610c728,2,True
817,6,3,"0,1,2,3,4,5,6,7,8,9,12,13,14,15,16,17,18,19","10,11","0,1,2,3,6,7,8,9,12,13,14,15,16,17,18,19","4,5",16,2,"0,1,2,3,6,7,8,9,12,13,14,15,16,17,18,19",0,0,0,True,True,False,96167ad788b6688582992f28519d385a8df41525618876c405a75e43125226a2,4544535bbbbedba1c151811f7c0d8c54a99d25e31308e5812d2d08828c8b0876,2,True
817,6,4,"0,1,2,3,4,5,6,7,8,9,12,13,14,15,16,17,18,19","10,11","0,1,2,3,4,5,8,9,12,13,14,15,16,17,18,19","6,7",16,2,"0,1,2,3,4,5,8,9,12,13,14,15,16,17,18,19",0,0,0,True,True,False,ff423771992190f55f2e2c4dcf515a53ba015e0f3ae75986c1926981c58a9245,5abfe848569eb263345f7e12d6e34c912483acc3786b2173a0cfc44c3f83cee7,2,True
817,6,5,"0,1,2,3,4,5,6,7,8,9,12,13,14,15,16,17,18,19","10,11","0,1,2,3,4,5,6,7,12,13,14,15,16,17,18,19","8,9",16,2,"0,1,2,3,4,5,6,7,12,13,14,15,16,17,18,19",0,0,0,True,True,False,b42c49a32813201e9c560d4fcdf56407d70217f4807b35974d825f5db77e293c,a002c99d89c91ca4c88982493697db5a9f5ff23e5bc289069d25800d4f2e3762,2,True
817,6,6,"0,1,2,3,4,5,6,7,8,9,12,13,14,15,16,17,18,19","10,11","0,1,2,3,4,5,6,7,8,9,14,15,16,17,18,19","12,13",16,2,"0,1,2,3,4,5,6,7,8,9,14,15,16,17,18,19",0,0,0,True,True,False,60a7db8aee5fdab6d54e8f01d4dead18a6585b25d69449f6018c40a030d37bf4,d5e7913cf29c1f9d009144dcde78c5aecdc8323c268502375b8434556d495aca,2,True
817,6,7,"0,1,2,3,4,5,6,7,8,9,12,13,14,15,16,17,18,19","10,11","0,1,2,3,4,5,6,7,8,9,12,13,16,17,18,19","14,15",16,2,"0,1,2,3,4,5,6,7,8,9,12,13,16,17,18,19",0,0,0,True,True,False,c46e654711ae67827d5b27a91d2e2bdb8a72ae4f36c125465c95961ce733040f,dc6cbb2782a9f5886038d7e41c30c053ea83d878158200c3241066553f23a8b3,2,True
817,6,8,"0,1,2,3,4,5,6,7,8,9,12,13,14,15,16,17,18,19","10,11","0,1,2,3,4,5,6,7,8,9,12,13,14,15,18,19","16,17",16,2,"0,1,2,3,4,5,6,7,8,9,12,13,14,15,18,19",0,0,0,True,True,False,5c031aaeb6800d81e7564011cd9adfbdd140fe61c30c01d3c6ca17e493814434,bb538f8cab99728fb9f8ce0eb5af4e885a5d34041cf1428a7a19e54dbc270372,2,True
817,6,9,"0,1,2,3,4,5,6,7,8,9,12,13,14,15,16,17,18,19","10,11","0,1,2,3,4,5,6,7,8,9,12,13,14,15,16,17,19",18,17,1,"0,1,2,3,4,5,6,7,8,9,12,13,14,15,16,17,19",0,0,0,True,True,False,d761f493f26911907a4da1148daf8f7ea870bf3e622b86cd0c4a45e771faa225,7599a9a87f7e32750251e24dbbd4d5b0d09a53da29bbb350f818d36160bb52e1,1,False
817,6,10,"0,1,2,3,4,5,6,7,8,9,12,13,14,15,16,17,18,19","10,11","0,1,2,3,4,5,6,7,8,9,12,13,14,15,16,17,18",19,17,1,"0,1,2,3,4,5,6,7,8,9,12,13,14,15,16,17,18",0,0,0,True,True,False,db46a1cb246ba17b0b12e4b7487b3307192fbb255ed1807b0b27fa6cb0b6fb4c,1f2cb7e7948c7bbdee60ccbdded0c487f5d6b6fcd3cc6509cb818575313d6851,1,False
817,7,1,"0,1,2,3,4,5,6,7,8,9,10,11,14,15,16,17,18,19","12,13","2,3,4,5,6,7,8,9,10,11,14,15,16,17,18,19","0,1",16,2,"2,3,4,5,6,7,8,9,10,11,14,15,16,17,18,19",0,0,0,True,True,False,edfa302bc16f828e9e06e281e4ed68f8e59d660bac68623724c00685f446351d,656a0a7cca585b52633d577ea95e5515553dfa8b968aa9276c13d614baa7e079,2,True
817,7,2,"0,1,2,3,4,5,6,7,8,9,10,11,14,15,16,17,18,19","12,13","0,1,4,5,6,7,8,9,10,11,14,15,16,17,18,19","2,3",16,2,"0,1,4,5,6,7,8,9,10,11,14,15,16,17,18,19",0,0,0,True,True,False,23d85608498902a2d6e2607b44b995c02e05a09855afc9200411cdf7e1f0aa8e,7bd37eb0f1758e500e23fcad46a18264bdc4c230659fe81c4e66d7166556772b,2,True
817,7,3,"0,1,2,3,4,5,6,7,8,9,10,11,14,15,16,17,18,19","12,13","0,1,2,3,6,7,8,9,10,11,14,15,16,17,18,19","4,5",16,2,"0,1,2,3,6,7,8,9,10,11,14,15,16,17,18,19",0,0,0,True,True,False,99cbee1f6a06d2adf2681b6287fc871f48455926b1b40147717b4c8d48192562,3fa8afd6e082030763caca9443e8c8658681fc4c9ad5521208d5085093f3a02d,2,True
817,7,4,"0,1,2,3,4,5,6,7,8,9,10,11,14,15,16,17,18,19","12,13","0,1,2,3,4,5,8,9,10,11,14,15,16,17,18,19","6,7",16,2,"0,1,2,3,4,5,8,9,10,11,14,15,16,17,18,19",0,0,0,True,True,False,d0b90bf0b73c9d27eb450c452323e05e6def1952c071896b62335f8aa85e22ab,7811b38c5f362cd364ec480de39033b0a0a6d13076d0be1eb18047f95cd9a923,2,True
817,7,5,"0,1,2,3,4,5,6,7,8,9,10,11,14,15,16,17,18,19","12,13","0,1,2,3,4,5,6,7,10,11,14,15,16,17,18,19","8,9",16,2,"0,1,2,3,4,5,6,7,10,11,14,15,16,17,18,19",0,0,0,True,True,False,8dec4f82a40e07f0901db5d5456683cc676a8a833934360a7451118dd831e77d,ecb384ad9538da0c2ffa16b45230ad70258e95174b22a4a0c4af55f63f574060,2,True
817,7,6,"0,1,2,3,4,5,6,7,8,9,10,11,14,15,16,17,18,19","12,13","0,1,2,3,4,5,6,7,8,9,14,15,16,17,18,19","10,11",16,2,"0,1,2,3,4,5,6,7,8,9,14,15,16,17,18,19",0,0,0,True,True,False,60a7db8aee5fdab6d54e8f01d4dead18a6585b25d69449f6018c40a030d37bf4,f01edc3519c6fb05eedbfdd1c7ad6b64b9ea736de7741345aa1bb70ad6cbc6a0,2,True
817,7,7,"0,1,2,3,4,5,6,7,8,9,10,11,14,15,16,17,18,19","12,13","0,1,2,3,4,5,6,7,8,9,10,11,16,17,18,19","14,15",16,2,"0,1,2,3,4,5,6,7,8,9,10,11,16,17,18,19",0,0,0,True,True,False,77b27b6dbe233e2c01dfe7da53d1cb8f5046c86fc215e2c160fb1435dd5862a3,e2c547a74f3da729ba9098a58b5dcaa62627e18a154637121db91c4048ce0a57,2,True
817,7,8,"0,1,2,3,4,5,6,7,8,9,10,11,14,15,16,17,18,19","12,13","0,1,2,3,4,5,6,7,8,9,10,11,14,15,18,19","16,17",16,2,"0,1,2,3,4,5,6,7,8,9,10,11,14,15,18,19",0,0,0,True,True,False,15daa5c317ebebda37b48401d7679bee0cc6b60f19585f1e557ff07c528ba9ed,75c4ac4735f41199584439ab5abac85e41e1f2887db582d5471576355c764e53,2,True
817,7,9,"0,1,2,3,4,5,6,7,8,9,10,11,14,15,16,17,18,19","12,13","0,1,2,3,4,5,6,7,8,9,10,11,14,15,16,17,19",18,17,1,"0,1,2,3,4,5,6,7,8,9,10,11,14,15,16,17,19",0,0,0,True,True,False,5181e7a94785ca231357a6660bd58c41a20d10e9e8f32445364ace5d34847faa,1c221c989821c38f7280d5ba801886fec47f1c2a86ac5c86e835e483a2fc205b,1,False
817,7,10,"0,1,2,3,4,5,6,7,8,9,10,11,14,15,16,17,18,19","12,13","0,1,2,3,4,5,6,7,8,9,10,11,14,15,16,17,18",19,17,1,"0,1,2,3,4,5,6,7,8,9,10,11,14,15,16,17,18",0,0,0,True,True,False,c6c74c237bc7af8600337037ac45bc2be880a53a91590fa6958a76abf9120362,f20894e30ad3e3315f5bc1fd33a6a164a1d044be1eca9f0834036bd22e199834,1,False
817,8,1,"0,1,2,3,4,5,6,7,8,9,10,11,12,13,16,17,18,19","14,15","2,3,4,5,6,7,8,9,10,11,12,13,16,17,18,19","0,1",16,2,"2,3,4,5,6,7,8,9,10,11,12,13,16,17,18,19",0,0,0,True,True,False,218008a18c3673ec5b2cd522dddfdbbdb6a5af9507b221e4abd3edc03a8085aa,2c188806eb9ebf03c425a6bca5bd05f24d3f18eeb02045aa1357a9156ca348ac,2,True
817,8,2,"0,1,2,3,4,5,6,7,8,9,10,11,12,13,16,17,18,19","14,15","0,1,4,5,6,7,8,9,10,11,12,13,16,17,18,19","2,3",16,2,"0,1,4,5,6,7,8,9,10,11,12,13,16,17,18,19",0,0,0,True,True,False,94b6732fdf80ba6fcdae03875105197283c99d1714d1e6944904c6039e154421,ee804ff4bd0b473521984b912de3d68dee3ba94537a9b7d814ec764c3fbcf271,2,True
817,8,3,"0,1,2,3,4,5,6,7,8,9,10,11,12,13,16,17,18,19","14,15","0,1,2,3,6,7,8,9,10,11,12,13,16,17,18,19","4,5",16,2,"0,1,2,3,6,7,8,9,10,11,12,13,16,17,18,19",0,0,0,True,True,False,b93ab17ec1848038f72b25a13484b69de8ce1b9a017ba897c9031bfea02cc8d1,2d1cf69e4741c7ce41731e98b7dce1f002613776a8309632075c8b881f004ef0,2,True
817,8,4,"0,1,2,3,4,5,6,7,8,9,10,11,12,13,16,17,18,19","14,15","0,1,2,3,4,5,8,9,10,11,12,13,16,17,18,19","6,7",16,2,"0,1,2,3,4,5,8,9,10,11,12,13,16,17,18,19",0,0,0,True,True,False,7850559711494b30aeb930f5fe0b91bb2a525d3dae3526e11796ea8279fbf68c,5eaf0254874c3f46122474968cf554915547b7d62b689ad902225603899efeb0,2,True
817,8,5,"0,1,2,3,4,5,6,7,8,9,10,11,12,13,16,17,18,19","14,15","0,1,2,3,4,5,6,7,10,11,12,13,16,17,18,19","8,9",16,2,"0,1,2,3,4,5,6,7,10,11,12,13,16,17,18,19",0,0,0,True,True,False,84d00f5b99e36392571c0f6de98d0bfc7caabac9e9ad2069e6d5c2bbb43210db,b8d51135ec832b6b7690b05584334ce70a9549ead16e4a0581453357700ca51f,2,True
817,8,6,"0,1,2,3,4,5,6,7,8,9,10,11,12,13,16,17,18,19","14,15","0,1,2,3,4,5,6,7,8,9,12,13,16,17,18,19","10,11",16,2,"0,1,2,3,4,5,6,7,8,9,12,13,16,17,18,19",0,0,0,True,True,False,c46e654711ae67827d5b27a91d2e2bdb8a72ae4f36c125465c95961ce733040f,31b2c100fb8fce886c47300144fb6308b8a64378a27879cd7bf377751f2d6deb,2,True
817,8,7,"0,1,2,3,4,5,6,7,8,9,10,11,12,13,16,17,18,19","14,15","0,1,2,3,4,5,6,7,8,9,10,11,16,17,18,19","12,13",16,2,"0,1,2,3,4,5,6,7,8,9,10,11,16,17,18,19",0,0,0,True,True,False,77b27b6dbe233e2c01dfe7da53d1cb8f5046c86fc215e2c160fb1435dd5862a3,ba771843fdf744beaadf0cdb96ed8da455a82e151dd49d0ceee620f96d5ec99b,2,True
817,8,8,"0,1,2,3,4,5,6,7,8,9,10,11,12,13,16,17,18,19","14,15","0,1,2,3,4,5,6,7,8,9,10,11,12,13,18,19","16,17",16,2,"0,1,2,3,4,5,6,7,8,9,10,11,12,13,18,19",0,0,0,True,True,False,5a6a91f5812f0691b935780de8241021df57077e6d2cb7d663293fdbca32a8d1,709cafacb346ed8dcd3fa90cf5c1d4ab643146bb8fdeb158a218414b3d3555c0,2,True
817,8,9,"0,1,2,3,4,5,6,7,8,9,10,11,12,13,16,17,18,19","14,15","0,1,2,3,4,5,6,7,8,9,10,11,12,13,16,17,19",18,17,1,"0,1,2,3,4,5,6,7,8,9,10,11,12,13,16,17,19",0,0,0,True,True,False,15be1e0f5ce3386805d6b93b958f6d14ba3bf1870dff792ed094efe2a294c407,efef5c448fb5ad4c839fc9b39ed99729b78bb99a738d29b84e3b4131792e4ba1,1,False
817,8,10,"0,1,2,3,4,5,6,7,8,9,10,11,12,13,16,17,18,19","14,15","0,1,2,3,4,5,6,7,8,9,10,11,12,13,16,17,18",19,17,1,"0,1,2,3,4,5,6,7,8,9,10,11,12,13,16,17,18",0,0,0,True,True,False,d2c732d4182297727a41f86cdd27fb8c0ac6deb16a098634f72f5f80d6ce7b30,5c398268b7d38306c4adeef71b8adfc02f0f243667c606a1ffbcf60e0eae4f20,1,False
817,9,1,"0,1,2,3,4,5,6,7,8,9,10,11,12,13,14,15,18,19","16,17","2,3,4,5,6,7,8,9,10,11,12,13,14,15,18,19","0,1",16,2,"2,3,4,5,6,7,8,9,10,11,12,13,14,15,18,19",0,0,0,True,True,False,0118697121f525da2cdc49f283c5601b6c8761d3010897e6beed43f5b8c5e313,3b2ff57168a2638443d6aab1654bd734a2d6c3e8ecc96ff3a511901b956b47b0,2,True
817,9,2,"0,1,2,3,4,5,6,7,8,9,10,11,12,13,14,15,18,19","16,17","0,1,4,5,6,7,8,9,10,11,12,13,14,15,18,19","2,3",16,2,"0,1,4,5,6,7,8,9,10,11,12,13,14,15,18,19",0,0,0,True,True,False,89368e6d1001761397600b77b09cfaf4324db6bd8e8ebcb75846eb334bac43ee,4b5e4cfea71381b59bdc8e1caf53900191ff8cecd42f35aaf133d217e01fed4f,2,True
817,9,3,"0,1,2,3,4,5,6,7,8,9,10,11,12,13,14,15,18,19","16,17","0,1,2,3,6,7,8,9,10,11,12,13,14,15,18,19","4,5",16,2,"0,1,2,3,6,7,8,9,10,11,12,13,14,15,18,19",0,0,0,True,True,False,bbb011c485920c055c9b090ae1db9f879db131f4462332c45854bffe454ece96,702fcea10e172314d128a9642878605775449d391be68ed05283762096e9f3a7,2,True
817,9,4,"0,1,2,3,4,5,6,7,8,9,10,11,12,13,14,15,18,19","16,17","0,1,2,3,4,5,8,9,10,11,12,13,14,15,18,19","6,7",16,2,"0,1,2,3,4,5,8,9,10,11,12,13,14,15,18,19",0,0,0,True,True,False,61a82d4e2d3d1ca12bb5d9700b3c363b154eb907d3715643a34e686fa682c0a6,5ef73f838fb40d9eeefeb8aa1396abd9e935fb50b182ee7d49ba602ef0b579e3,2,True
817,9,5,"0,1,2,3,4,5,6,7,8,9,10,11,12,13,14,15,18,19","16,17","0,1,2,3,4,5,6,7,10,11,12,13,14,15,18,19","8,9",16,2,"0,1,2,3,4,5,6,7,10,11,12,13,14,15,18,19",0,0,0,True,True,False,a889ba30c5f1fb2ccb39823d7b86569fdd370a2de4d1cf8603aeedcfc09bc3ec,33fd9909c5af8759492f99d7fd9f51239c8bdc094a32c96fd017cdf6d49a19cd,2,True
817,9,6,"0,1,2,3,4,5,6,7,8,9,10,11,12,13,14,15,18,19","16,17","0,1,2,3,4,5,6,7,8,9,12,13,14,15,18,19","10,11",16,2,"0,1,2,3,4,5,6,7,8,9,12,13,14,15,18,19",0,0,0,True,True,False,5c031aaeb6800d81e7564011cd9adfbdd140fe61c30c01d3c6ca17e493814434,4095b1dd3252f098675d740a8aa00641af548f1cbd103a832a648b1391ec346f,2,True
817,9,7,"0,1,2,3,4,5,6,7,8,9,10,11,12,13,14,15,18,19","16,17","0,1,2,3,4,5,6,7,8,9,10,11,14,15,18,19","12,13",16,2,"0,1,2,3,4,5,6,7,8,9,10,11,14,15,18,19",0,0,0,True,True,False,15daa5c317ebebda37b48401d7679bee0cc6b60f19585f1e557ff07c528ba9ed,de2fc10d92a3b0e8255c396cc312dcf05290ca6166e4c457ec00bc0c7618c29c,2,True
817,9,8,"0,1,2,3,4,5,6,7,8,9,10,11,12,13,14,15,18,19","16,17","0,1,2,3,4,5,6,7,8,9,10,11,12,13,18,19","14,15",16,2,"0,1,2,3,4,5,6,7,8,9,10,11,12,13,18,19",0,0,0,True,True,False,5a6a91f5812f0691b935780de8241021df57077e6d2cb7d663293fdbca32a8d1,157da400e8035e5d10f406b9e8075dbd2892fad314c75cd7ed45a9ca9b7fa330,2,True
817,9,9,"0,1,2,3,4,5,6,7,8,9,10,11,12,13,14,15,18,19","16,17","0,1,2,3,4,5,6,7,8,9,10,11,12,13,14,15,19",18,17,1,"0,1,2,3,4,5,6,7,8,9,10,11,12,13,14,15,19",0,0,0,True,True,False,759ca5ac37f42a55b6c1721f7765ec3570ff8cf20aa0a12449d578e746e26854,3ce146a8aeb0c4ef9021cc00fe75f6a42b139e0168fe76c59b080bad9ae70c9d,1,False
817,9,10,"0,1,2,3,4,5,6,7,8,9,10,11,12,13,14,15,18,19","16,17","0,1,2,3,4,5,6,7,8,9,10,11,12,13,14,15,18",19,17,1,"0,1,2,3,4,5,6,7,8,9,10,11,12,13,14,15,18",0,0,0,True,True,False,772513879a6eaf0ed1d3a686cb4cb9b9575d0bd785ded9a907c00a03d8f28f5d,87bd53b7535ce9fd19f5c61c58b54f0d6c4c6df261fc2602e70e4950ddea372d,1,False
817,10,1,"0,1,2,3,4,5,6,7,8,9,10,11,12,13,14,15,16,17","18,19","2,3,4,5,6,7,8,9,10,11,12,13,14,15,16,17","0,1",16,2,"2,3,4,5,6,7,8,9,10,11,12,13,14,15,16,17",0,0,0,True,True,False,8255190faedf3eb6f0d491106bc7bbd958ccd0d8f6070764924b28e52055392b,871b4c23d989209dd05a1495716c1b13082a1e926497c2eddb396f3c6c44b667,1,False
817,10,2,"0,1,2,3,4,5,6,7,8,9,10,11,12,13,14,15,16,17","18,19","0,1,4,5,6,7,8,9,10,11,12,13,14,15,16,17","2,3",16,2,"0,1,4,5,6,7,8,9,10,11,12,13,14,15,16,17",0,0,0,True,True,False,30913b2198be66fa2984ec33ffcb650010dd34c224a5124da12b0bfe8727aa05,9767f30231d043d2ca39636cd32aab750f3176a685ab5a1a6543271754d04c8a,1,False
817,10,3,"0,1,2,3,4,5,6,7,8,9,10,11,12,13,14,15,16,17","18,19","0,1,2,3,6,7,8,9,10,11,12,13,14,15,16,17","4,5",16,2,"0,1,2,3,6,7,8,9,10,11,12,13,14,15,16,17",0,0,0,True,True,False,80e934857fcc1176798e9f810961f192ebdcef34ddb7a76f9cddb299418fe7ea,cf422bb4e32f52cd9229735ff1f273b3e381670a3c157902e3addae80064107c,1,False
817,10,4,"0,1,2,3,4,5,6,7,8,9,10,11,12,13,14,15,16,17","18,19","0,1,2,3,4,5,8,9,10,11,12,13,14,15,16,17","6,7",16,2,"0,1,2,3,4,5,8,9,10,11,12,13,14,15,16,17",0,0,0,True,True,False,1b8e071e71f942dc1ef1f8c5baccac8e5b730a40c3ab9cc9a2ae02f9cdb05405,ea77ba97cd071fd4f97b7e705c1b1ac5f72b3c9961655b689b4cf496f1235556,1,False
817,10,5,"0,1,2,3,4,5,6,7,8,9,10,11,12,13,14,15,16,17","18,19","0,1,2,3,4,5,6,7,10,11,12,13,14,15,16,17","8,9",16,2,"0,1,2,3,4,5,6,7,10,11,12,13,14,15,16,17",0,0,0,True,True,False,03477e828033066ea43c8986a8cb6c4143275b621eda604a03d975cbdc947346,bda989e162105e66417161af325e45d786373c344dfa1445312d84995d12299b,1,False
817,10,6,"0,1,2,3,4,5,6,7,8,9,10,11,12,13,14,15,16,17","18,19","0,1,2,3,4,5,6,7,8,9,12,13,14,15,16,17","10,11",16,2,"0,1,2,3,4,5,6,7,8,9,12,13,14,15,16,17",0,0,0,True,True,False,41adab1c2379625f588f19a4fae1810f0892a0ea6764235542e1b0ece57d8823,40a694c1c5904567ba720617e884287eb206f46efdd80c4023dbfd20b81300f2,1,False
817,10,7,"0,1,2,3,4,5,6,7,8,9,10,11,12,13,14,15,16,17","18,19","0,1,2,3,4,5,6,7,8,9,10,11,14,15,16,17","12,13",16,2,"0,1,2,3,4,5,6,7,8,9,10,11,14,15,16,17",0,0,0,True,True,False,7e4e842c44dc75d37fd2dfef77ea68805738fc328b4f7a7b883c96dfb8c89552,df5f2180b6daad30d1b7a5bea6a85ea4c0e3028ce813d779464bb80a1354efe6,1,False
817,10,8,"0,1,2,3,4,5,6,7,8,9,10,11,12,13,14,15,16,17","18,19","0,1,2,3,4,5,6,7,8,9,10,11,12,13,16,17","14,15",16,2,"0,1,2,3,4,5,6,7,8,9,10,11,12,13,16,17",0,0,0,True,True,False,b717d45644fead8bc30b9169c7d4f46cee578abcfdcffe11d29b6b7ca05bfc57,e358f44cc319d54ba8350678aaafebc0a03700ccb50981c4f94d0cee88045a39,1,False
817,10,9,"0,1,2,3,4,5,6,7,8,9,10,11,12,13,14,15,16,17","18,19","0,1,2,3,4,5,6,7,8,9,10,11,12,13,14,15,17",16,17,1,"0,1,2,3,4,5,6,7,8,9,10,11,12,13,14,15,17",0,0,0,True,True,False,78939423b5f66620e7a01b662001844ee406e0f96a91cd4565ec8431f9e08dbf,bf196e85a93d6b607cb67f1b50f1a3dab1dadb5b9eaca66bd7f237a8d59b3918,1,False
817,10,10,"0,1,2,3,4,5,6,7,8,9,10,11,12,13,14,15,16,17","18,19","0,1,2,3,4,5,6,7,8,9,10,11,12,13,14,15,16",17,17,1,"0,1,2,3,4,5,6,7,8,9,10,11,12,13,14,15,16",0,0,0,True,True,False,a98afd900fce6e6d5b0f82ddac7d4e7404306be227aa40e43843de6cd0392089,5fce0acf2b70e5b0803c228cb76fc57ba1bfd80b8afa9cb2ca3e722a7a1b0322,1,False
822,1,1,"1,2,3,4,5,6,7,8,9",0,"2,3,4,5,6,7,8,9",1,8,1,"2,3,4,5,6,7,8,9",0,0,0,True,True,False,0c5c3bda3a769f13fa09f161bff517a975d208988edc77d4c6e20ef8f967876e,ac4f5b61787efb9a5fb21573885960144ee7968fea286a46a7a5651bf69fa458,2,True
822,1,2,"1,2,3,4,5,6,7,8,9",0,"1,3,4,5,6,7,8,9",2,8,1,"1,3,4,5,6,7,8,9",0,0,0,True,True,False,95d9427982ee1c77170397f7105765c2262076c3489698f927d6141e59dbab9a,1bea22572c9f85b501ca5e262878b45b9bd1103ffa4336ac3ef2d1d2e9449f43,2,True
822,1,3,"1,2,3,4,5,6,7,8,9",0,"1,2,4,5,6,7,8,9",3,8,1,"1,2,4,5,6,7,8,9",0,0,0,True,True,False,31245b08313c38a0571ee3b80b11da0b7f5da38ae0ea7040f04aeefe41e5de60,b8d7a40e7747019a3b348b2893f58a0e002a1614dafb0b39195eab9676f355e7,2,True
822,1,4,"1,2,3,4,5,6,7,8,9",0,"1,2,3,5,6,7,8,9",4,8,1,"1,2,3,5,6,7,8,9",0,0,0,True,True,False,362978a6e45e3f0dac2838d740ff8961af4f9eab2fd02cb017b7e9438acdebe2,f871728a511ffbc286281edd865bc143bcccb02f7157214c5c56cf28a02098b3,2,True
822,1,5,"1,2,3,4,5,6,7,8,9",0,"1,2,3,4,6,7,8,9",5,8,1,"1,2,3,4,6,7,8,9",0,0,0,True,True,False,5479bf3f0d2ef61ce54b3e579acdeeab676657cb310f3770e9b9b281bbdd45e7,cc6ba19edc3b2223ba3adf123b47850bcc3af164853a34fe783c02563e441890,2,True
822,1,6,"1,2,3,4,5,6,7,8,9",0,"1,2,3,4,5,7,8,9",6,8,1,"1,2,3,4,5,7,8,9",0,0,0,True,True,False,46697feee03b202fb4982cb2861f6e20d8df74efa966164a474d38c62d37a1e4,79bf51eaca405bd65f95600fa5714de8fe63f2612fa049771cfa38544ac7c139,2,True
822,1,7,"1,2,3,4,5,6,7,8,9",0,"1,2,3,4,5,6,8,9",7,8,1,"1,2,3,4,5,6,8,9",0,0,0,True,True,False,013ef3de59ca38dcec296a7c34f26b73d35537b47184d83912250430201ae9a4,0cf082f8fedf17b239d002767a61e4394892dd96701ce0ca3d98bf2f6991c304,2,True
822,1,8,"1,2,3,4,5,6,7,8,9",0,"1,2,3,4,5,6,7,9",8,8,1,"1,2,3,4,5,6,7,9",0,0,0,True,True,False,2978b16053bd4544c149cc9742d8d2deecef2422491eb736e55b7e2ac983da0e,3db433e132e1914b650f6e5eff5f6d335889953ef8c6434ae309552f14ccad81,2,True
822,1,9,"1,2,3,4,5,6,7,8,9",0,"1,2,3,4,5,6,7,8",9,8,1,"1,2,3,4,5,6,7,8",0,0,0,True,True,False,f33cb4686dd160fd89fa6d60684f3e256afa2dc5f7db9d5a775826dfd75460d5,a99d8194ea4db61b8f89fb21003beb893a3c735304af93cd4c3cbef15491556b,2,True
822,2,1,"0,2,3,4,5,6,7,8,9",1,"2,3,4,5,6,7,8,9",0,8,1,"2,3,4,5,6,7,8,9",0,0,0,True,True,False,0c5c3bda3a769f13fa09f161bff517a975d208988edc77d4c6e20ef8f967876e,8ee2c0e7d052d2cc674ded8bdd77b4666845a68daf1870bea9fb62ad4d31739a,2,True
822,2,2,"0,2,3,4,5,6,7,8,9",1,"0,3,4,5,6,7,8,9",2,8,1,"0,3,4,5,6,7,8,9",0,0,0,True,True,False,2f0d029cd58329045687bf61e12782a033196c92977a5fe25268876905755a14,7e21cf440085df3ddca0595db54d5c29d79750c0f8a1dc24f87a98d69962adae,2,True
822,2,3,"0,2,3,4,5,6,7,8,9",1,"0,2,4,5,6,7,8,9",3,8,1,"0,2,4,5,6,7,8,9",0,0,0,True,True,False,5b3e4afec8cb4dfcdd97c3422c2522091f68e6f8a66331b44e5b827fb473bf88,f191b60a0985d7028e83e7a70bdb83d9311eafd44af2f6b5cf96c02cfec57310,2,True
822,2,4,"0,2,3,4,5,6,7,8,9",1,"0,2,3,5,6,7,8,9",4,8,1,"0,2,3,5,6,7,8,9",0,0,0,True,True,False,231c850c3c528a0c884865749ce26b2db5a789029c78b62dddc181d37eec556b,117bee014c89d2b0719552eadaeb0ebf70d022932da60bec6c4027f67a92198e,2,True
822,2,5,"0,2,3,4,5,6,7,8,9",1,"0,2,3,4,6,7,8,9",5,8,1,"0,2,3,4,6,7,8,9",0,0,0,True,True,False,fc7942ae711b89251a6df082531ce2ac1c4540698b07ea81883cc8d5e88fdc8c,114a0b9c721d5947f82799fbe831b0463c5b1137d93c461d09fca4dfc850782b,2,True
822,2,6,"0,2,3,4,5,6,7,8,9",1,"0,2,3,4,5,7,8,9",6,8,1,"0,2,3,4,5,7,8,9",0,0,0,True,True,False,0b985cfa33d0cb6c54595a8ea4927fdb921441b0eb11688b9ee23a35c8077d78,f2a98dd8315ed508bf210a8a1360fa2d97a1cdfabb80e2835d867680f4cf1547,2,True
822,2,7,"0,2,3,4,5,6,7,8,9",1,"0,2,3,4,5,6,8,9",7,8,1,"0,2,3,4,5,6,8,9",0,0,0,True,True,False,e2a691103fc0e628f961b03c9a164f699443e24ff88fb19470fade44fb2baa6b,159a4a8591ccbd75b862916e61cdc6d28e49d1acb40fb91685d2b3eb66dadbc1,2,True
822,2,8,"0,2,3,4,5,6,7,8,9",1,"0,2,3,4,5,6,7,9",8,8,1,"0,2,3,4,5,6,7,9",0,0,0,True,True,False,7b9fc32d99536cbf7a689d780b188a2a401a8bf6fff590de03ea41e90c1ae7b0,8b9b208f9c5af9fa6a5ee90c7979a53420c884649a59858ac3c7617a3bc4fe2e,2,True
822,2,9,"0,2,3,4,5,6,7,8,9",1,"0,2,3,4,5,6,7,8",9,8,1,"0,2,3,4,5,6,7,8",0,0,0,True,True,False,4a403fa351b50d5128e358769bc62c441e8285ddc5a25a7eb4710c8408f564f8,53c576da8a774bc25bb02a2bb55583f099747bd9a91a6ec7da0c2ea2f00eac6b,2,True
822,3,1,"0,1,3,4,5,6,7,8,9",2,"1,3,4,5,6,7,8,9",0,8,1,"1,3,4,5,6,7,8,9",0,0,0,True,True,False,95d9427982ee1c77170397f7105765c2262076c3489698f927d6141e59dbab9a,456083a33bbfb27e17e58019f8a549cdb84bcd95ab828225504b0ada27fdbcf4,2,True
822,3,2,"0,1,3,4,5,6,7,8,9",2,"0,3,4,5,6,7,8,9",1,8,1,"0,3,4,5,6,7,8,9",0,0,0,True,True,False,2f0d029cd58329045687bf61e12782a033196c92977a5fe25268876905755a14,1f86a3e8c1f9b32443f28dbd55a6620ee626129fc295fff5e08aae261abb4f66,2,True
822,3,3,"0,1,3,4,5,6,7,8,9",2,"0,1,4,5,6,7,8,9",3,8,1,"0,1,4,5,6,7,8,9",0,0,0,True,True,False,18404a3494d7200e40f6599d8f4fae8e9dd2535065a5d8f8d77664d76b3ea210,916ad73beffb77f08a9909db516cedc550956bc9ea8fc22d370847a61ce37934,2,True
822,3,4,"0,1,3,4,5,6,7,8,9",2,"0,1,3,5,6,7,8,9",4,8,1,"0,1,3,5,6,7,8,9",0,0,0,True,True,False,ce574ec010123b83d7e0551a290c8ca4ded3b01854e45548bc18497ef8b2cda1,346afadc9296bc956cb6e8a7aef52154aa1e2d482f94b1a220f5f9961b43fc7a,2,True
822,3,5,"0,1,3,4,5,6,7,8,9",2,"0,1,3,4,6,7,8,9",5,8,1,"0,1,3,4,6,7,8,9",0,0,0,True,True,False,e8c70a7bb7aa2981818464c4949e0f0732f6f2dab3db116efd1aa6663459f37f,113e9a16d4260eb73cea61246adfd17acf995d5497c57f4d82c27f08ae9cf91a,2,True
822,3,6,"0,1,3,4,5,6,7,8,9",2,"0,1,3,4,5,7,8,9",6,8,1,"0,1,3,4,5,7,8,9",0,0,0,True,True,False,7e567e0a99ee6c7234233bc2f5a33ce82ee856e1420d60bac98d3b7db5ec5fa8,f47eed88a01368a93d36e3b6c917f6c8043d55ad4d164f70ea39d1ee347d5bfa,2,True
822,3,7,"0,1,3,4,5,6,7,8,9",2,"0,1,3,4,5,6,8,9",7,8,1,"0,1,3,4,5,6,8,9",0,0,0,True,True,False,918174b4a07b07212dca2781f6678911022477f760084178540bce95cb27e0df,09036d476a91b2e4265bba00a3cd00e7d037019b68bb599a5544e5f3ae816eb9,2,True
822,3,8,"0,1,3,4,5,6,7,8,9",2,"0,1,3,4,5,6,7,9",8,8,1,"0,1,3,4,5,6,7,9",0,0,0,True,True,False,8237c5703509fa2ecf1d23f22082b9792d17223c3a8a8b4f12d77eba031c23cd,11a9ff3dacd74fb79731112d51984d92f3d4f64b99174bedfa2eaab9b132829d,2,True
822,3,9,"0,1,3,4,5,6,7,8,9",2,"0,1,3,4,5,6,7,8",9,8,1,"0,1,3,4,5,6,7,8",0,0,0,True,True,False,c66d5421aaba82e4b399082234b487cb91c34044cee2c318edcd88457df23fe4,bc6add95fc30906eafefc846236fb4bbe4441a59a455955d42ee4ede2147d6ab,2,True
822,4,1,"0,1,2,4,5,6,7,8,9",3,"1,2,4,5,6,7,8,9",0,8,1,"1,2,4,5,6,7,8,9",0,0,0,True,True,False,31245b08313c38a0571ee3b80b11da0b7f5da38ae0ea7040f04aeefe41e5de60,8f364642d2f5f0b55ac99b0f0eb7fd1c3ab5b14d2050c2dc50e33057d330e6be,2,True
822,4,2,"0,1,2,4,5,6,7,8,9",3,"0,2,4,5,6,7,8,9",1,8,1,"0,2,4,5,6,7,8,9",0,0,0,True,True,False,5b3e4afec8cb4dfcdd97c3422c2522091f68e6f8a66331b44e5b827fb473bf88,be9d6a1fde0d257b82132c821a25f06b9bb18b07ce478d2e6a42f66a7cc5b83b,2,True
822,4,3,"0,1,2,4,5,6,7,8,9",3,"0,1,4,5,6,7,8,9",2,8,1,"0,1,4,5,6,7,8,9",0,0,0,True,True,False,18404a3494d7200e40f6599d8f4fae8e9dd2535065a5d8f8d77664d76b3ea210,5c3ac9b82b923f4df7cb823addc5ae2ef1c999253a397afe5bbbe0ca24f9c42f,2,True
822,4,4,"0,1,2,4,5,6,7,8,9",3,"0,1,2,5,6,7,8,9",4,8,1,"0,1,2,5,6,7,8,9",0,0,0,True,True,False,6171707b0fa682818f045949f5b924f0d11d7ca8c46c5e0e3137ea81919eb4dd,d300ecd73c044b688d5b335c2ed0140c6d3087592e2b9356a5e67e8ec943126e,2,True
822,4,5,"0,1,2,4,5,6,7,8,9",3,"0,1,2,4,6,7,8,9",5,8,1,"0,1,2,4,6,7,8,9",0,0,0,True,True,False,26b5efd5db2977383fd581df9a4776cc142fafa99ffdb4e65c13f6397515c343,5a809c8a12795529c5d4e70d2924396fe5c61951a72115b9bc0ac12d2461a761,2,True
822,4,6,"0,1,2,4,5,6,7,8,9",3,"0,1,2,4,5,7,8,9",6,8,1,"0,1,2,4,5,7,8,9",0,0,0,True,True,False,a74439dcfe33f65952c3d11bebb1760fecb8bde43d42822ac67a252a011f3dd1,43c249d82bf1a2f1fc8944e08b2e978d95fbc3cf4e160e961a5be9ca871ceec0,2,True
822,4,7,"0,1,2,4,5,6,7,8,9",3,"0,1,2,4,5,6,8,9",7,8,1,"0,1,2,4,5,6,8,9",0,0,0,True,True,False,76e28bd7b6f3932beb183cd4afd1168f23e51083d3e963ddbac90aa4f78ee630,e837a2a79a99af821fd76d2d728cf0522399f1672c18be9fef851eca162049b1,2,True
822,4,8,"0,1,2,4,5,6,7,8,9",3,"0,1,2,4,5,6,7,9",8,8,1,"0,1,2,4,5,6,7,9",0,0,0,True,True,False,53fea5aa59c6468e471c9322fa40e903d192ef8abfdcf79e6e9e4e1bffe8ccd6,b421c5112c48a00775384cc1df2ada34ea689c8146ebf818e6f82027b9b03788,2,True
822,4,9,"0,1,2,4,5,6,7,8,9",3,"0,1,2,4,5,6,7,8",9,8,1,"0,1,2,4,5,6,7,8",0,0,0,True,True,False,ca1b640ca4f97228b93515ee00d160322127328ccde49280fda457cd7df1c77f,de138f61d3763c90e66a6346d6e27d41468e94ac69456f758c8616c74bc37eb7,2,True
822,5,1,"0,1,2,3,5,6,7,8,9",4,"1,2,3,5,6,7,8,9",0,8,1,"1,2,3,5,6,7,8,9",0,0,0,True,True,False,362978a6e45e3f0dac2838d740ff8961af4f9eab2fd02cb017b7e9438acdebe2,dc2986070fc9cb4d2304ce83a54575b2a92b9e0a36057825f91a5c1d32b7815d,2,True
822,5,2,"0,1,2,3,5,6,7,8,9",4,"0,2,3,5,6,7,8,9",1,8,1,"0,2,3,5,6,7,8,9",0,0,0,True,True,False,231c850c3c528a0c884865749ce26b2db5a789029c78b62dddc181d37eec556b,0a87b745f9d7acc8d41c08190f0f08676d614656f3bae10170c0671a2673a79a,2,True
822,5,3,"0,1,2,3,5,6,7,8,9",4,"0,1,3,5,6,7,8,9",2,8,1,"0,1,3,5,6,7,8,9",0,0,0,True,True,False,ce574ec010123b83d7e0551a290c8ca4ded3b01854e45548bc18497ef8b2cda1,90b450f1567bf1d1c5de15581df1df19baf2e860a2249bd5a255c9fc75f3ab72,2,True
822,5,4,"0,1,2,3,5,6,7,8,9",4,"0,1,2,5,6,7,8,9",3,8,1,"0,1,2,5,6,7,8,9",0,0,0,True,True,False,6171707b0fa682818f045949f5b924f0d11d7ca8c46c5e0e3137ea81919eb4dd,106f1e129c86e8f1b80a8d2fb441fd1e73d4eb0dfbcf4ab4510639a460998e4c,2,True
822,5,5,"0,1,2,3,5,6,7,8,9",4,"0,1,2,3,6,7,8,9",5,8,1,"0,1,2,3,6,7,8,9",0,0,0,True,True,False,eaa51b498434159f4a69573a2a81238eca047e1726859a40f58c939f0b6d6317,fdb6c2ab403091676920353f2bd2f08ece0f4d570ae5561fb0af8173dbce32c5,2,True
822,5,6,"0,1,2,3,5,6,7,8,9",4,"0,1,2,3,5,7,8,9",6,8,1,"0,1,2,3,5,7,8,9",0,0,0,True,True,False,28e476a078bd336060c3039e2bdec1ccbceb4a19311c993114b618510dfc83fa,7b2a86e834ff5dafc241a9300d6a77d9b3eb9eae4ce2dd9d0119ce360e7c43d7,2,True
822,5,7,"0,1,2,3,5,6,7,8,9",4,"0,1,2,3,5,6,8,9",7,8,1,"0,1,2,3,5,6,8,9",0,0,0,True,True,False,aed15c606aa1fd0cb33f54197fc62e9e64e109145cd03839ca10c8c9012db318,dc389674159b308bb78edf868470e6bc67a91f7901dbe1de577a36c394762111,2,True
822,5,8,"0,1,2,3,5,6,7,8,9",4,"0,1,2,3,5,6,7,9",8,8,1,"0,1,2,3,5,6,7,9",0,0,0,True,True,False,66b18029bf953dd33cdfac164a688051cf4dbb7c0d8879aaea3f0c5c28e782dd,7a36f24e60a07c24cb81af773567946859bc30021070580b5d190f22ecc11966,2,True
822,5,9,"0,1,2,3,5,6,7,8,9",4,"0,1,2,3,5,6,7,8",9,8,1,"0,1,2,3,5,6,7,8",0,0,0,True,True,False,7c822b8d51f2b595c6e72c66b0e748a2a2ae4a7283554b24414f91a23153de8c,b1215a7f34e4f6e0e7d54ea18e346a8d9b033ba5388c5fd6b222d3709e9cd6ea,2,True
822,6,1,"0,1,2,3,4,6,7,8,9",5,"1,2,3,4,6,7,8,9",0,8,1,"1,2,3,4,6,7,8,9",0,0,0,True,True,False,5479bf3f0d2ef61ce54b3e579acdeeab676657cb310f3770e9b9b281bbdd45e7,6506f86a9c27415c89e8f5657f37b2113d79dc6e938f0e1173a571ae3b7faca9,2,True
822,6,2,"0,1,2,3,4,6,7,8,9",5,"0,2,3,4,6,7,8,9",1,8,1,"0,2,3,4,6,7,8,9",0,0,0,True,True,False,fc7942ae711b89251a6df082531ce2ac1c4540698b07ea81883cc8d5e88fdc8c,c4460495b5d20a9da479da53ad7d6511682a20b8e907fe837c2daba3a8308d7c,2,True
822,6,3,"0,1,2,3,4,6,7,8,9",5,"0,1,3,4,6,7,8,9",2,8,1,"0,1,3,4,6,7,8,9",0,0,0,True,True,False,e8c70a7bb7aa2981818464c4949e0f0732f6f2dab3db116efd1aa6663459f37f,5ef9166b3eab5c2a2227442458c6a34a29e3fa88c8ef5ddcd11a5fc5f42ca832,2,True
822,6,4,"0,1,2,3,4,6,7,8,9",5,"0,1,2,4,6,7,8,9",3,8,1,"0,1,2,4,6,7,8,9",0,0,0,True,True,False,26b5efd5db2977383fd581df9a4776cc142fafa99ffdb4e65c13f6397515c343,42f125d30c13d11fc23e3b411b911a6ef41e9739b97fd7e29628e62dbdfead08,2,True
822,6,5,"0,1,2,3,4,6,7,8,9",5,"0,1,2,3,6,7,8,9",4,8,1,"0,1,2,3,6,7,8,9",0,0,0,True,True,False,eaa51b498434159f4a69573a2a81238eca047e1726859a40f58c939f0b6d6317,317dda5563191580bad869ae7292c4bd872d632ee63ec20016261e1cdc9a2fa7,2,True
822,6,6,"0,1,2,3,4,6,7,8,9",5,"0,1,2,3,4,7,8,9",6,8,1,"0,1,2,3,4,7,8,9",0,0,0,True,True,False,fff703b0f56a874e136bf094a6fe7160ba84b01ffc9449870e5455f710d25658,17dd263cf95289d0c6f760b83c04153a512ae10ebb113e84e8ff7a2f4d141f33,2,True
822,6,7,"0,1,2,3,4,6,7,8,9",5,"0,1,2,3,4,6,8,9",7,8,1,"0,1,2,3,4,6,8,9",0,0,0,True,True,False,063325d27bbbfba9baa9ab09fcc6366e1cf83a8d480abed49cdeb9b7d7fd9258,1e95fccb9a42b86b80d1d27a7b0c0e4590861896e36eb2bffdab0a40155bc6f3,2,True
822,6,8,"0,1,2,3,4,6,7,8,9",5,"0,1,2,3,4,6,7,9",8,8,1,"0,1,2,3,4,6,7,9",0,0,0,True,True,False,e246f484c45c95aff7eb37edfc945e449deb568ac42c9af567d0d4cda001c7c3,93bb246c744432da417c233db0c5acf06f2a73c9c640fe388fe9d61362e620ff,2,True
822,6,9,"0,1,2,3,4,6,7,8,9",5,"0,1,2,3,4,6,7,8",9,8,1,"0,1,2,3,4,6,7,8",0,0,0,True,True,False,d72ccc8a981aadeaf2bc840cc1108f446de6e3e926197fb47bbbb486ff9d1350,2a661acf48c27f4e0433bb991c0c95e9927312755a2078c527178e5769bb4ed2,2,True
822,7,1,"0,1,2,3,4,5,7,8,9",6,"1,2,3,4,5,7,8,9",0,8,1,"1,2,3,4,5,7,8,9",0,0,0,True,True,False,46697feee03b202fb4982cb2861f6e20d8df74efa966164a474d38c62d37a1e4,8fdfb1bdd1c81edcb3ac4c1ef7838f27dca379d7283c0f63cbe7dd8e01da0abe,2,True
822,7,2,"0,1,2,3,4,5,7,8,9",6,"0,2,3,4,5,7,8,9",1,8,1,"0,2,3,4,5,7,8,9",0,0,0,True,True,False,0b985cfa33d0cb6c54595a8ea4927fdb921441b0eb11688b9ee23a35c8077d78,008e7f21bf9af5b8ee9fed91d4c1d33bae4e39eb7653c9aae84b352a49c21bcc,2,True
822,7,3,"0,1,2,3,4,5,7,8,9",6,"0,1,3,4,5,7,8,9",2,8,1,"0,1,3,4,5,7,8,9",0,0,0,True,True,False,7e567e0a99ee6c7234233bc2f5a33ce82ee856e1420d60bac98d3b7db5ec5fa8,bea0d13baa6b80aa5b1bebd7a7ce78759c05fa583f0b0d564d8f4aa37d822f9d,2,True
822,7,4,"0,1,2,3,4,5,7,8,9",6,"0,1,2,4,5,7,8,9",3,8,1,"0,1,2,4,5,7,8,9",0,0,0,True,True,False,a74439dcfe33f65952c3d11bebb1760fecb8bde43d42822ac67a252a011f3dd1,bcbfd5b145c293e2cd434e2810f471605769d7ee72cac37c7b55d6359e7a6278,2,True
822,7,5,"0,1,2,3,4,5,7,8,9",6,"0,1,2,3,5,7,8,9",4,8,1,"0,1,2,3,5,7,8,9",0,0,0,True,True,False,28e476a078bd336060c3039e2bdec1ccbceb4a19311c993114b618510dfc83fa,76763c83bb8a14f0b0176602671f311541e2ba7aa5b740fbda9da09fef8fc119,2,True
822,7,6,"0,1,2,3,4,5,7,8,9",6,"0,1,2,3,4,7,8,9",5,8,1,"0,1,2,3,4,7,8,9",0,0,0,True,True,False,fff703b0f56a874e136bf094a6fe7160ba84b01ffc9449870e5455f710d25658,0378683777ebec6aa5f4b3f70562998679cfc2d00bc67a40a656fcd2a7c1bc14,2,True
822,7,7,"0,1,2,3,4,5,7,8,9",6,"0,1,2,3,4,5,8,9",7,8,1,"0,1,2,3,4,5,8,9",0,0,0,True,True,False,bdccbf4bed6f3a20a760ecf4b953bcfe0cdf0d765401b739f0a7ef46484b8678,2070fe3561875d12e51bb67405d17b6ce6faa262e306be16e30d313e4740d6bf,2,True
822,7,8,"0,1,2,3,4,5,7,8,9",6,"0,1,2,3,4,5,7,9",8,8,1,"0,1,2,3,4,5,7,9",0,0,0,True,True,False,fb0c65344a0a31af21514cd98fc8beaf9290a3c1d9f1238df7595ee30934339e,8bf271d0ed1617d8181b4d053b34d2a6da3ca02e7a3416406915ff6cdf0ab890,2,True
822,7,9,"0,1,2,3,4,5,7,8,9",6,"0,1,2,3,4,5,7,8",9,8,1,"0,1,2,3,4,5,7,8",0,0,0,True,True,False,02986dd2440cffc2f218bfe57b8e1cbbbc0b773c4d71ecb99f7c290585edf06a,79695e5e728ed1664c76dd6104faccfa85caf8b83c2e87ba9c228f6abf63b871,2,True
822,8,1,"0,1,2,3,4,5,6,8,9",7,"1,2,3,4,5,6,8,9",0,8,1,"1,2,3,4,5,6,8,9",0,0,0,True,True,False,013ef3de59ca38dcec296a7c34f26b73d35537b47184d83912250430201ae9a4,c74399ccccaf0bfd55042c11be43054df5359e6fce22d5de07939989e808bcac,2,True
822,8,2,"0,1,2,3,4,5,6,8,9",7,"0,2,3,4,5,6,8,9",1,8,1,"0,2,3,4,5,6,8,9",0,0,0,True,True,False,e2a691103fc0e628f961b03c9a164f699443e24ff88fb19470fade44fb2baa6b,4c332152f30eafc8cf3c38f1dce07081ec32d46bbb884641e1173502fdb2b2a2,2,True
822,8,3,"0,1,2,3,4,5,6,8,9",7,"0,1,3,4,5,6,8,9",2,8,1,"0,1,3,4,5,6,8,9",0,0,0,True,True,False,918174b4a07b07212dca2781f6678911022477f760084178540bce95cb27e0df,ca76a2af872a9c1935a88eea879cb0d129772d3640d83a7fe811b1a29fc09b66,2,True
822,8,4,"0,1,2,3,4,5,6,8,9",7,"0,1,2,4,5,6,8,9",3,8,1,"0,1,2,4,5,6,8,9",0,0,0,True,True,False,76e28bd7b6f3932beb183cd4afd1168f23e51083d3e963ddbac90aa4f78ee630,19040bebfbf866b17c53caf54cacc821e8d70b999bd6a976b96732842147d534,2,True
822,8,5,"0,1,2,3,4,5,6,8,9",7,"0,1,2,3,5,6,8,9",4,8,1,"0,1,2,3,5,6,8,9",0,0,0,True,True,False,aed15c606aa1fd0cb33f54197fc62e9e64e109145cd03839ca10c8c9012db318,80bcff94fde976a14c65360df6ea268dbf1be816c0d6f1666eabd74ff1c6efdb,2,True
822,8,6,"0,1,2,3,4,5,6,8,9",7,"0,1,2,3,4,6,8,9",5,8,1,"0,1,2,3,4,6,8,9",0,0,0,True,True,False,063325d27bbbfba9baa9ab09fcc6366e1cf83a8d480abed49cdeb9b7d7fd9258,a6821cd0150f2567000dbc129019cba825e21b36882b6012ef8d046176a38734,2,True
822,8,7,"0,1,2,3,4,5,6,8,9",7,"0,1,2,3,4,5,8,9",6,8,1,"0,1,2,3,4,5,8,9",0,0,0,True,True,False,bdccbf4bed6f3a20a760ecf4b953bcfe0cdf0d765401b739f0a7ef46484b8678,b2fab81593c1dcf527f6dacc61e5e463fad4a356fda723af8285bd708514b727,2,True
822,8,8,"0,1,2,3,4,5,6,8,9",7,"0,1,2,3,4,5,6,9",8,8,1,"0,1,2,3,4,5,6,9",0,0,0,True,True,False,1616808a00615354a65d81f9d1967773ed5674b2e62d9cb6f13f7e2022ede377,a7d345cc1b0853dd11d5ac9ac8a73e34704f131429eeccbc1824c3ce787c665f,2,True
822,8,9,"0,1,2,3,4,5,6,8,9",7,"0,1,2,3,4,5,6,8",9,8,1,"0,1,2,3,4,5,6,8",0,0,0,True,True,False,ea3d7be7dee91607682552a4b0b73fd00b5d6c95745dd5f805df953ad9dec002,f3e8aa8f7e2da9c4cfcbe6b4623104c1bed56be3187aa4d61362a69f79c28672,2,True
822,9,1,"0,1,2,3,4,5,6,7,9",8,"1,2,3,4,5,6,7,9",0,8,1,"1,2,3,4,5,6,7,9",0,0,0,True,True,False,2978b16053bd4544c149cc9742d8d2deecef2422491eb736e55b7e2ac983da0e,926d39aac11164e9f8dce37f7e22ecfea9e92879df127400e01acb2b89308e4d,2,True
822,9,2,"0,1,2,3,4,5,6,7,9",8,"0,2,3,4,5,6,7,9",1,8,1,"0,2,3,4,5,6,7,9",0,0,0,True,True,False,7b9fc32d99536cbf7a689d780b188a2a401a8bf6fff590de03ea41e90c1ae7b0,3185c019639fb14646ba73049e6335b240092d3e9d9914ec08547998c3a55709,2,True
822,9,3,"0,1,2,3,4,5,6,7,9",8,"0,1,3,4,5,6,7,9",2,8,1,"0,1,3,4,5,6,7,9",0,0,0,True,True,False,8237c5703509fa2ecf1d23f22082b9792d17223c3a8a8b4f12d77eba031c23cd,02a4b9b6b6a2a73c73eba625f05d5c68496e0fa842a770d5b8c4a9083c37c59a,2,True
822,9,4,"0,1,2,3,4,5,6,7,9",8,"0,1,2,4,5,6,7,9",3,8,1,"0,1,2,4,5,6,7,9",0,0,0,True,True,False,53fea5aa59c6468e471c9322fa40e903d192ef8abfdcf79e6e9e4e1bffe8ccd6,39767d402621b25ac7c140a01f4b6aa1e145d1bea84704adc6b4ecc8b58439e8,2,True
822,9,5,"0,1,2,3,4,5,6,7,9",8,"0,1,2,3,5,6,7,9",4,8,1,"0,1,2,3,5,6,7,9",0,0,0,True,True,False,66b18029bf953dd33cdfac164a688051cf4dbb7c0d8879aaea3f0c5c28e782dd,70970cab6d65197ed586274be11c6afc36b26b868a47758ed9351e3a1b272f1f,2,True
822,9,6,"0,1,2,3,4,5,6,7,9",8,"0,1,2,3,4,6,7,9",5,8,1,"0,1,2,3,4,6,7,9",0,0,0,True,True,False,e246f484c45c95aff7eb37edfc945e449deb568ac42c9af567d0d4cda001c7c3,cbe21ac957c93d586c9e9f94bfa22068618869db0a6abb1309ed7a649f801b27,2,True
822,9,7,"0,1,2,3,4,5,6,7,9",8,"0,1,2,3,4,5,7,9",6,8,1,"0,1,2,3,4,5,7,9",0,0,0,True,True,False,fb0c65344a0a31af21514cd98fc8beaf9290a3c1d9f1238df7595ee30934339e,fb646da17329d422daceaf30bd0239f4e7b37ea212ccf0c8cd52307131942f0e,2,True
822,9,8,"0,1,2,3,4,5,6,7,9",8,"0,1,2,3,4,5,6,9",7,8,1,"0,1,2,3,4,5,6,9",0,0,0,True,True,False,1616808a00615354a65d81f9d1967773ed5674b2e62d9cb6f13f7e2022ede377,e8f18d3d6c74c6f61ad2d0303338e3bc72924007efffb4af608968e7efdc95e2,2,True
822,9,9,"0,1,2,3,4,5,6,7,9",8,"0,1,2,3,4,5,6,7",9,8,1,"0,1,2,3,4,5,6,7",0,0,0,True,True,False,76ade47d8e19b95d7f4dcc8bd3814ad7f57dc1629a50a4062d8994ec3faaef5a,c09b90db619b65fff03186a1b1e7a4382d40ef0f0b690ddf1a611dddc07d6f92,2,True
822,10,1,"0,1,2,3,4,5,6,7,8",9,"1,2,3,4,5,6,7,8",0,8,1,"1,2,3,4,5,6,7,8",0,0,0,True,True,False,f33cb4686dd160fd89fa6d60684f3e256afa2dc5f7db9d5a775826dfd75460d5,10c6884094bea2f1bcb9bf9c7bb586dcc3835257abc1c8ec0a16c10c037a65ee,2,True
822,10,2,"0,1,2,3,4,5,6,7,8",9,"0,2,3,4,5,6,7,8",1,8,1,"0,2,3,4,5,6,7,8",0,0,0,True,True,False,4a403fa351b50d5128e358769bc62c441e8285ddc5a25a7eb4710c8408f564f8,12649428e760397de97c648699292607a26106369eea43f367304d1cf8d1eea5,2,True
822,10,3,"0,1,2,3,4,5,6,7,8",9,"0,1,3,4,5,6,7,8",2,8,1,"0,1,3,4,5,6,7,8",0,0,0,True,True,False,c66d5421aaba82e4b399082234b487cb91c34044cee2c318edcd88457df23fe4,60167d2fdf77ebca0babf9d156401c7207a4497f15a5205fc8aadeec23fffcf3,2,True
822,10,4,"0,1,2,3,4,5,6,7,8",9,"0,1,2,4,5,6,7,8",3,8,1,"0,1,2,4,5,6,7,8",0,0,0,True,True,False,ca1b640ca4f97228b93515ee00d160322127328ccde49280fda457cd7df1c77f,3e77aa265aa6a0641fb03f4e2c3754857f905cf4e39fcc3f73548c907f777eb3,2,True
822,10,5,"0,1,2,3,4,5,6,7,8",9,"0,1,2,3,5,6,7,8",4,8,1,"0,1,2,3,5,6,7,8",0,0,0,True,True,False,7c822b8d51f2b595c6e72c66b0e748a2a2ae4a7283554b24414f91a23153de8c,adb5dce072f7d1619ae3af6ad09dbbd3e11bca3fb06a91a439bf37e7dfe621b3,2,True
822,10,6,"0,1,2,3,4,5,6,7,8",9,"0,1,2,3,4,6,7,8",5,8,1,"0,1,2,3,4,6,7,8",0,0,0,True,True,False,d72ccc8a981aadeaf2bc840cc1108f446de6e3e926197fb47bbbb486ff9d1350,53d9cfbe4df327c48bca1eeec11d349da3339774a244478a66d30ac3e48888b4,2,True
822,10,7,"0,1,2,3,4,5,6,7,8",9,"0,1,2,3,4,5,7,8",6,8,1,"0,1,2,3,4,5,7,8",0,0,0,True,True,False,02986dd2440cffc2f218bfe57b8e1cbbbc0b773c4d71ecb99f7c290585edf06a,55d3c23b0d058beeea602498420d8d5ac2d75fc8358078ef1ca1190ee922452f,2,True
822,10,8,"0,1,2,3,4,5,6,7,8",9,"0,1,2,3,4,5,6,8",7,8,1,"0,1,2,3,4,5,6,8",0,0,0,True,True,False,ea3d7be7dee91607682552a4b0b73fd00b5d6c95745dd5f805df953ad9dec002,204f8307f8f90571ea3c8e1f353b42340fb472de022b1709ca168753b69ff3f6,2,True
822,10,9,"0,1,2,3,4,5,6,7,8",9,"0,1,2,3,4,5,6,7",8,8,1,"0,1,2,3,4,5,6,7",0,0,0,True,True,False,76ade47d8e19b95d7f4dcc8bd3814ad7f57dc1629a50a4062d8994ec3faaef5a,4479fc9236f2503f3fd55bc7a0f5c3aef7c89a8e8c4811a312dd3b225dcf7e07,2,True
